Workbook

Sheet InputsNZ
A1: Approximate Equalities
C2: units | D2: Cycle 1 | E2: σ | F2: Cycle 2 | G2: σ | H2: Cycle 3 | I2: σ | J2: Cycle 4 | K2: σ | L2: Cycle 5 | M2: σ
A3: 1 | B3: NPP (14C) | C3: (mmol N m-2 d-1) | D3: 6.9751396 | E3: 2.1054147 | F3: 4.0433304 | G3: 0.782773 | H3: 9.8238143 | I3: 4.5503874 | J3: 5.6894075 | K3: 1.2846958 | L3: 3.1620202 | M3: 0.38276057
A4: 2 | B4: SedTrap Flux (shallow) | C4: (mmol N m-2 d-1) | D4: 0.97868813 | E4: 0.20023276 | F4: 1.634325 | G4: 0.056975159 | H4: 0.46955162 | I4: 0.029864707 | J4: 1.78897 | K4: 0.59585481 | L4: 0.4195884 | M4: 0.18168493
A5: 3 | B5: Pico NPP | C5: (mmol N m-2 d-1) | D5: =D3*NZ_Extra!D6 -> 2.1257041 | E5: =D5*SQRT((E3/D3)^2+(NZ_Extra!E6/NZ_Extra!D6)^2) -> 1.5292454 | F5: =F3*NZ_Extra!F6 -> 3.0867581 | G5: =F5*SQRT((G3/F3)^2+(NZ_Extra!G6/NZ_Extra!F6)^2) -> 0.91836993 | H5: =H3*NZ_Extra!H6 -> 6.4892367 | I5: =H5*SQRT((I3/H3)^2+(NZ_Extra!I6/NZ_Extra!H6)^2) -> 4.7574096 | J5: =J3*NZ_Extra!J6 -> 3.4570988 | K5: =J5*SQRT((K3/J3)^2+(NZ_Extra!K6/NZ_Extra!J6)^2) -> 2.235291 | L5: =L3*NZ_Extra!L6 -> 2.8354624 | M5: =L5*SQRT((M3/L3)^2+(NZ_Extra!M6/NZ_Extra!L6)^2) -> 3.809041
A6: 4 | B6: Flag NPP | C6: (mmol N m-2 d-1) | D6: =D3*NZ_Extra!D7 -> 1.6509193 | E6: =D6*SQRT((E3/D3)^2+(NZ_Extra!E7/NZ_Extra!D7)^2) -> 0.83512694 | F6: =F3*NZ_Extra!F7 -> 0.3456774 | G6: =F6*SQRT((G3/F3)^2+(NZ_Extra!G7/NZ_Extra!F7)^2) -> 0.50067474 | H6: =H3*NZ_Extra!H7 -> 2.7169 | I6: =H6*SQRT((I3/H3)^2+(NZ_Extra!I7/NZ_Extra!H7)^2) -> 3.3405852 | J6: =J3*NZ_Extra!J7 -> 1.9849115 | K6: =J6*SQRT((K3/J3)^2+(NZ_Extra!K7/NZ_Extra!J7)^2) -> 1.9757686 | L6: =L3*NZ_Extra!L7 -> 0.16239399 | M6: =L6*SQRT((M3/L3)^2+(NZ_Extra!M7/NZ_Extra!L7)^2) -> 3.4118451
A7: 5 | B7: Diatom NPP | C7: (mmol N m-2 d-1) | D7: =D3*NZ_Extra!D8 -> 3.1985162 | E7: =D7*SQRT((E3/D3)^2+(NZ_Extra!E8/NZ_Extra!D8)^2) -> 2.0384171 | F7: =F3*NZ_Extra!F8 -> 0.36121242 | G7: =F7*SQRT((G3/F3)^2+(NZ_Extra!G8/NZ_Extra!F8)^2) -> 0.23417384 | H7: =H3*NZ_Extra!H8 -> 0.61767758 | I7: =H7*SQRT((I3/H3)^2+(NZ_Extra!I8/NZ_Extra!H8)^2) -> 0.56187448 | J7: =J3*NZ_Extra!J8 -> 0.24739712 | K7: =J7*SQRT((K3/J3)^2+(NZ_Extra!K8/NZ_Extra!J8)^2) -> 0.15495822 | L7: =L3*NZ_Extra!L8 -> 0.16416388 | M7: =L7*SQRT((M3/L3)^2+(NZ_Extra!M8/NZ_Extra!L8)^2) -> 0.21488912
A8: 6 | B8: Picophyto Mortality | C8: (mmol N m-2 d-1) | D8: =D11*NZ_Extra!D14 -> 0.96803779 | E8: =D8*SQRT((E11/D11)^2+(NZ_Extra!E14/NZ_Extra!D14)^2) -> 0.77464728 | F8: =F11*NZ_Extra!F14 -> 1.8898784 | G8: =F8*SQRT((G11/F11)^2+(NZ_Extra!G14/NZ_Extra!F14)^2) -> 0.73034638 | H8: =H11*NZ_Extra!H14 -> 3.4956498 | I8: =H8*SQRT((I11/H11)^2+(NZ_Extra!I14/NZ_Extra!H14)^2) -> 2.5146744 | J8: =J11*NZ_Extra!J14 -> 2.1195066 | K8: =J8*SQRT((K11/J11)^2+(NZ_Extra!K14/NZ_Extra!J14)^2) -> 1.2931693 | L8: =L11*NZ_Extra!L14 -> 1.249681 | M8: =L8*SQRT((M11/L11)^2+(NZ_Extra!M14/NZ_Extra!L14)^2) -> 0.93631571
A9: 7 | B9: Flagellate Mortality | C9: (mmol N m-2 d-1) | D9: =D11*NZ_Extra!D15 -> 0.93107774 | E9: =D9*SQRT((E11/D11)^2+(NZ_Extra!E15/NZ_Extra!D15)^2) -> 1.0527763 | F9: =F11*NZ_Extra!F15 -> 0.484364 | G9: =F9*SQRT((G11/F11)^2+(NZ_Extra!G15/NZ_Extra!F15)^2) -> 0.53471732 | H9: =H11*NZ_Extra!H15 -> 1.5734107 | I9: =H9*SQRT((I11/H11)^2+(NZ_Extra!I15/NZ_Extra!H15)^2) -> 1.7854607 | J9: =J11*NZ_Extra!J15 -> 2.2956994 | K9: =J9*SQRT((K11/J11)^2+(NZ_Extra!K15/NZ_Extra!J15)^2) -> 1.4378622 | L9: =L11*NZ_Extra!L15 -> 1.5922616 | M9: =L9*SQRT((M11/L11)^2+(NZ_Extra!M15/NZ_Extra!L15)^2) -> 2.3670614
A10: 8 | B10: Diatom Mortality | C10: (mmol N m-2 d-1) | D10: =D11*NZ_Extra!D16 -> 1.6100342 | E10: =D10*SQRT((E11/D11)^2+(NZ_Extra!E16/NZ_Extra!D16)^2) -> 1.1415465 | F10: =F11*NZ_Extra!F16 -> 0.0831399 | G10: =F10*SQRT((G11/F11)^2+(NZ_Extra!G16/NZ_Extra!F16)^2) -> 0.034881401 | H10: =H11*NZ_Extra!H16 -> 0.30286348 | I10: =H10*SQRT((I11/H11)^2+(NZ_Extra!I16/NZ_Extra!H16)^2) -> 0.26697517 | J10: =J11*NZ_Extra!J16 -> 0.18752559 | K10: =J10*SQRT((K11/J11)^2+(NZ_Extra!K16/NZ_Extra!J16)^2) -> 0.12099696 | L10: =L11*NZ_Extra!L16 -> 0.1359202 | M10: =L10*SQRT((M11/L11)^2+(NZ_Extra!M16/NZ_Extra!L16)^2) -> 0.13470708
A11: 9 | B11: Protistan Grazing Rate (14C) | C11: (mmol N m-2 d-1) | D11: 3.5091497 | E11: 1.264978 | F11: 2.6936632 | G11: 0.60951549 | H11: 5.371924 | I11: 2.9742856 | J11: 4.6027316 | K11: 2.1767591 | L11: 2.9778627 | M11: 0.86612577
A12: 10 | B12: Mesozoo Grazing | C12: (mmol N m-2 d-1) | D12: 0.90936712 | E12: 0.18438144 | F12: 0.69786875 | G12: 0.33083743 | H12: 0.24256809 | I12: 0.099091056 | J12: 0.326373 | K12: 0.1143953 | L12: 0.3026578 | M12: 0.16079582
A13: 11 | B13: VMMeso Grazing | C13: (mmol N m-2 d-1) | D13: NA | E13: NA | F13: 0.37867569 | G13: 0.22091414 | H13: 0.13229504 | I13: 0.038642116 | J13: 0.073472457 | K13: 0.10700278 | L13: 0.2096015 | M13: 0.12952208 | P13: =H11/SUM(H12:H15) -> 13.90799
A14: 12 | B14: Macrozoo Grazing | C14: (mmol N m-2 d-1) | D14: 0.027775614 | E14: 0.027788247 | F14: 0.033175155 | G14: 0.075474281 | H14: 0.0078424367 | I14: 0.011119541 | J14: 0.011164564 | K14: 0.01411272 | L14: 0.024892997 | M14: 0.025748037
A15: 13 | B15: VMMacro Grazing | C15: (mmol N m-2 d-1) | D15: 0.0088005357 | E15: 0.012670302 | F15: 0.020797253 | G15: 0.047029264 | H15: 0.0035417564 | I15: 0.0067117834 | J15: 0.0031993794 | K15: 0.0095212134 | L15: 8.8802004e-05 | M15: 0.012747025
A16: 14 | B16: Salp Autotroph Grazing | C16: (mmol N m-2 d-1) | D16: 2.6592087 | E16: 1.9074743 | F16: 1.7577646 | G16: 0.91975507 | H16: 0.024739266 | I16: 0.028097449 | J16: 1.5968294 | K16: 0.97512047 | L16: 0.0072143977 | M16: 0.016218315
A17: 15 | B17: Salp Heterotroph Grazing | C17: (mmol N m-2 d-1) | D17: =(D16/0.58499)*0.41501 -> 1.8865249 | E17: =D17*SQRT((E16/D16)^2+(0.17843/0.58499)^2+(0.17843/0.41501)^2) -> 1.6793412 | F17: =(F16/0.95928)*0.4072 -> 0.74614477 | G17: =F17*SQRT((G16/F16)^2+(0.30768/0.95928)^2+(0.30768/0.04072)^2) -> 5.6564312 | H17: =(H16/0.7689925)*0.23100747 -> 0.0074317438 | I17: =H17*SQRT((I16/H16)^2+(0.28703/0.76899)^2+(0.28703/0.23101)^2) -> 0.012814187 | J17: =(J16/0.81303)*0.18697 -> 0.36721793 | K17: =J17*SQRT((K16/J16)^2+(0.22065/0.81303)^2+(0.22065/0.18697)^2) -> 0.49802123 | L17: =(L16/0.94848)*0.05152 -> 0.00039187518 | M17: =L17*SQRT((M16/L16)^2+(0/0.94848)^2+(0/0.05152)^2) -> 0.00088095433
A18: 16 | B18: PicoTOSalp | C18: (mmol N m-2 d-1) | D18: =(D16+D17) * 0.0144398 -> 0.065639483 | E18: =D18*SQRT((SQRT((E16)^2+(E17^2))/(D16+D17))^2+(0.00000265298/0.0144398)^2) -> 0.036697114 | F18: =(F16+F17) * 0.02786716 -> 0.069776844 | G18: =F18*SQRT((SQRT((G16)^2+(G17^2))/(F16+F17))^2+(6.398304E-19/0.02786716)^2) -> 0.15969892 | H18: =(H16+H17) * 0.08979186 -> 0.0028886948 | I18: =H18*SQRT((SQRT((I16)^2+(I17^2))/(H16+H17))^2+(0/0.08979186)^2) -> 0.0027729117 | J18: =(J16+J17) * 0.0366902 -> 0.07206129 | K18: =J18*SQRT((SQRT((K16)^2+(K17^2))/(J16+J17))^2+(0/0.0366902)^2) -> 0.040173425 | L18: =(L16+L17) * 0.02808958 -> 0.00021365701 | M18: =L18*SQRT((SQRT((M16)^2+(M17^2))/(L16+L17))^2+(0.0000002335522/0.02808958)^2) -> 0.00045623722
A19: 17 | B19: DtmTOSalp | C19: (mmol N m-2 d-1) | D19: =(D16+D17) * 0.1836172 -> 0.83467486 | E19: =D19*SQRT((SQRT((E16)^2+(E17^2))/(D16+D17))^2+(0.001733872/0.1836172)^2) -> 0.46670883 | F19: =(F16+F17) * 0.09318711 -> 0.23333208 | G19: =F19*SQRT((SQRT((G16)^2+(G17^2))/(F16+F17))^2+(0.0006530248/0.09318711)^2) -> 0.53403183 | H19: =(H16+H17) * 0.0004796753 -> 1.5431639e-05 | I19: =H19*SQRT((SQRT((I16)^2+(I17^2))/(H16+H17))^2+(0.00001015141/0.0004796753)^2) -> 1.4816716e-05 | J19: =(J16+J17) * 0.000004663878 -> 9.1600772e-06 | K19: =J19*SQRT((SQRT((K16)^2+(K17^2))/(J16+J17))^2+(0/0.000004663878)^2) -> 5.1066484e-06 | L19: =(L16+L17) * 0.09488286 -> 0.00072170493 | M19: =L19*SQRT((SQRT((M16)^2+(M17^2))/(L16+L17))^2+(0.000609438/0.09488286)^2) -> 0.0015411155
A20: 18 | B20: OtherTOSalp | C20: (mmol N m-2 d-1) | D20: =(D16+D17) * 0.8019303 -> 3.6453615 | E20: =D20*SQRT((SQRT((E16)^2+(E17^2))/(D16+D17))^2+(0.001733677/0.8019303)^2) -> 2.0380301 | F20: =(F16+F17) * 0.8789064 -> 2.200702 | G20: =F20*SQRT((SQRT((G16)^2+(G17^2))/(F16+F17))^2+(0.0006530248/0.8789064)^2) -> 5.0367676 | H20: =(H16+H17) * 0.9097285 -> 0.029266884 | I20: =H20*SQRT((SQRT((I16)^2+(I17^2))/(H16+H17))^2+(0.00001015141/0.9097285)^2) -> 0.028093825 | J20: =(J16+J17) * 0.9633051 -> 1.8919768 | K20: =J20*SQRT((SQRT((K16)^2+(K17^2))/(J16+J17))^2+(0/0.9633051)^2) -> 1.0547575 | L20: =(L16+L17) * 0.8769906 -> 0.0066706299 | M20: =L20*SQRT((SQRT((M16)^2+(M17^2))/(L16+L17))^2+(0.0006094337/0.8769906)^2) -> 0.014244278
A21: 19 | B21: Salp Fecal Pellet Production | C21: (mmol N m-2 d-1) | D21: 0.95731512 | E21: 0.68669075 | F21: 0.63279526 | G21: 0.33111182 | H21: 0.0089061358 | I21: 0.010115082 | J21: 0.57485859 | K21: 0.35104337 | L21: 0.0025971832 | M21: 0.0058385932
A22: 20 | B22: Bacterial Production | C22: (mmol N m-2 d-1) | D22: 0.76851397 | E22: 0.15497851 | F22: 0.51195866 | G22: 0.17726619 | H22: 0.82093159 | I22: 0.1864646 | J22: 0.73073094 | K22: 0.19985947 | L22: 0.44078467 | M22: 0.10558125
A23: 21 | B23: Myct Scaled Meso Consumption | C23: (mmol N m-2 d-1) | D23: 0.058469954 | E23: 0.029234977 | F23: 0.030570928 | G23: 0.015285464 | H23: 0.086478872 | I23: 0.043239436 | J23: 0.042115579 | K23: 0.021057789 | L23: 0.0074863178 | M23: 0.0037431589 | O23: =SUM(D23,D25:D29) -> 0.21638659 | P23: =SUM(F23:F29) -> 0.22829898 | Q23: =SUM(H23:H29) -> 0.20374434 | R23: =SUM(J23:J29) -> 0.17042542 | S23: =SUM(L23:L29) -> 0.082780527
A24: 22 | B24: Myct Scaled VMMeso Consumption | C24: (mmol N m-2 d-1) | D24: NA | E24: NA | F24: 0.099923468 | G24: 0.049961734 | H24: 0.10109392 | I24: 0.050546959 | J24: 0.029976384 | K24: 0.014988192 | L24: 0.065739576 | M24: 0.032869788
A25: 23 | B25: Myct Scaled Macro Consumption | C25: (mmol N m-2 d-1) | D25: 0.0013413623 | E25: 0.00067068114 | F25: 0.0044290992 | G25: 0.0022145496 | H25: 0.0026256933 | I25: 0.0013128466 | J25: 0.0012998958 | K25: 0.00064994789 | L25: 0.0067505401 | M25: 0.0033752701
A26: 24 | B26: Myct Scaled VMMacro Consumption | C26: (mmol N m-2 d-1) | D26: 0.021795859 | E26: 0.01089793 | F26: 0.017501118 | G26: 0.0087505589 | H26: 0.012697541 | I26: 0.0063487703 | J26: 0.0069954704 | K26: 0.0034977352 | L26: 0.0002001868 | M26: 0.0001000934
A27: 25 | B27: Myct Scaled Amph Consumption | C27: (mmol N m-2 d-1) | D27: 0.0018041689 | E27: 0.00090208445 | F27: 7.4452093e-05 | G27: 3.7226046e-05 | H27: 1.9958218e-06 | I27: 9.979109e-07 | J27: 0.00018840562 | K27: 9.4202811e-05 | L27: 0.001810573 | M27: 0.00090528652
A28: 26 | B28: Myct Scaled Salp Consumption | C28: (mmol N m-2 d-1) | D28: 0.13278426 | E28: 0.066392131 | F28: 0.067613192 | G28: 0.033806596 | H28: 0.00063513703 | I28: 0.00031756852 | J28: 0.08928306 | K28: 0.04464153 | L28: 0.00038182328 | M28: 0.00019091164
A29: 27 | B29: Myct Scaled Gel Consumption | C29: (mmol N m-2 d-1) | D29: 0.00019098429 | E29: 9.5492147e-05 | F29: 0.008186727 | G29: 0.0040933635 | H29: 0.0002111813 | I29: 0.00010559065 | J29: 0.00056662382 | K29: 0.00028331191 | L29: 0.00041150921 | M29: 0.0002057546
A30: 28 | B30: PiscivFish Scaled Myct Consumption | C30: (mmol N m-2 d-1) | D30: 0.011091282 | E30: 0.005545641 | F30: 0.011066583 | G30: 0.0055332916 | H30: 0.0092192534 | I30: 0.0046096267 | J30: 0.008526311 | K30: 0.0042631555 | L30: 0.0037655899 | M30: 0.0018827949
A31: 29 | B31: PiscivFish Scaled VMMacro Consumption | C31: (mmol N m-2 d-1) | D31: 0.0020805138 | E31: 0.0010402569 | F31: 0.0016705612 | G31: 0.00083528062 | H31: 0.001212038 | I31: 0.00060601898 | J31: 0.00066774944 | K31: 0.00033387472 | L31: 1.910874e-05 | M31: 9.5543701e-06
A32: 30 | B32: PiscivFish Scaled Amph Consumption | C32: (mmol N m-2 d-1) | D32: 0.00017221612 | E32: 8.6108062e-05 | F32: 7.1067907e-06 | G32: 3.5533953e-06 | H32: 1.9051026e-07 | I32: 9.5255131e-08 | J32: 1.7984173e-05 | K32: 8.9920865e-06 | L32: 0.00017282743 | M32: 8.6413713e-05
A33: 31 | B33: GelativFish Scaled Salp Consumption | C33: (mmol N m-2 d-1) | D33: 0.073086394 | E33: 0.036543197 | F33: 0.037215287 | G33: 0.018607643 | H33: 0.00034958868 | I33: 0.00017479434 | J33: 0.049142698 | K33: 0.024571349 | L33: 0.0002101611 | M33: 0.00010508055
A34: 32 | B34: GelativFish Scaled Gel Consumption | C34: (mmol N m-2 d-1) | D34: 0.00010512054 | E34: 5.256027e-05 | F34: 0.0045060939 | G34: 0.002253047 | H34: 0.00011623727 | I34: 5.8118634e-05 | J34: 0.00031187802 | K34: 0.00015593901 | L34: 0.00022650067 | M34: 0.00011325033
A35: 33 | B35: HTL Scaled Meso Consumption | C35: (mmol N m-2 d-1) | D35: 0.0062117204 | E35: 0.0031058602 | F35: 0.0032477887 | G35: 0.0016238944 | H35: 0.0091873268 | I35: 0.0045936634 | J35: 0.0044742672 | K35: 0.0022371336 | L35: 0.00079533008 | M35: 0.00039766504
A36: 34 | B36: HTL Scaled VMMeso Consumption | C36: (mmol N m-2 d-1) | D36: NA | E36: NA | F36: 0.010615651 | G36: 0.0053078257 | H36: 0.010739997 | I36: 0.0053699987 | J36: 0.0031846257 | K36: 0.0015923128 | L36: 0.0069840292 | M36: 0.0034920146
A37: 35 | B37: HTL Scaled Macro Consumption | C37: (mmol N m-2 d-1) | D37: 0.00043431282 | E37: 0.00021715641 | F37: 0.0014340753 | G37: 0.00071703767 | H37: 0.00085015978 | I37: 0.00042507989 | J37: 0.0004208866 | K37: 0.0002104433 | L37: 0.0021857228 | M37: 0.0010928614
A38: 36 | B38: HTL Scaled VMMacro Consumption | C38: (mmol N m-2 d-1) | D38: 0.0070571696 | E38: 0.0035285848 | F38: 0.0056665973 | G38: 0.0028332987 | H38: 0.0041112716 | I38: 0.0020556358 | J38: 0.0022650275 | K38: 0.0011325138 | L38: 6.481746e-05 | M38: 3.240873e-05
A39: 37 | B39: HTL Scaled Amph Consumption | C39: (mmol N m-2 d-1) | D39: 0.00058416261 | E39: 0.00029208131 | F39: 2.4106462e-05 | G39: 1.2053231e-05 | H39: 6.4621692e-07 | I39: 3.2310846e-07 | J39: 6.1002892e-05 | K39: 3.0501446e-05 | L39: 0.00058623617 | M39: 0.00029311809
A40: 38 | B40: HTL Scaled Salp Consumption | C40: (mmol N m-2 d-1) | D40: 0.066107475 | E40: 0.033053737 | F40: 0.03366165 | G40: 0.016830825 | H40: 0.00031620694 | I40: 0.00015810347 | J40: 0.044450129 | K40: 0.022225065 | L40: 0.00019009311 | M40: 9.5046553e-05
A41: 39 | B41: HTL Scaled Gel Consumption | C41: (mmol N m-2 d-1) | D41: 9.5082724e-05 | E41: 4.7541362e-05 | F41: 0.0040758132 | G41: 0.0020379066 | H41: 0.00010513793 | I41: 5.2568965e-05 | J41: 0.00028209721 | K41: 0.00014104861 | L41: 0.00020487243 | M41: 0.00010243622
A43: Inequality Inputs
A44: 1 | B44: Temperature (0-70) | C44: deg C | D44: 10.240493 | E44: 0.5896211 | F44: 9.897492 | G44: 0.4112118 | H44: 13.090224 | I44: 0.3273925 | J44: 12.122057 | K44: 0.5916513 | L44: 10.688394 | M44: 0.5750481
A45: 2 | B45: Temperature (200) | C45: deg C | D45: 9.397415 | F45: 7.915702 | H45: 11.465439 | J45: 9.652742 | L45: 7.9416
A46: 3 | B46: Temperature (bottom 100) | C46: deg C | D46: 5.73695 | F46: 2.882 | H46: 4.9304 | J46: 8.341335 | L46: 1.8084
A47: 4 | B47: Bottom Depth | C47: m | D47: 884.2632 | F47: 1501.6923 | H47: 1046.5 | J47: 449.5 | L47: 2635.1
A48: 5 | B48: Salp FP Flux | C48: (mmol N m-2 d-1) | D48: 0.32656759 | E48: 0.16437855 | F48: 0.31045976 | G48: 0.078558799 | H48: 0.0073162576 | I48: 0.0070528902 | J48: 0.47390571 | K48: 0.16146131 | L48: 0.00019337845 | M48: 0.00061151635
A49: 6 | B49: Pico Biomass | C49: (mmol N m-2) | D49: 2.4323502 | F49: 3.7253042 | H49: 4.8385682 | J49: 1.3939279 | L49: 8.6175825
A50: 7 | B50: Diatom Biomass | C50: (mmol N m-2) | D50: 8.4716316 | F50: 1.1232474 | H50: 0.51240455 | J50: 0.35273312 | L50: 0.46975683
A51: 8 | B51: Flag Biomass | C51: (mmol N m-2) | D51: 5.3577987 | F51: 3.4577517 | H51: 4.2948953 | J51: 3.9405854 | L51: 3.0408447
A52: 9 | B52: HNF Biomass | C52: (mmol N m-2) | D52: 0.9080092 | F52: 1.1168358 | H52: 2.0222311 | J52: 1.7585174 | L52: 0.81948829
A53: 10 | B53: MIC Biomass | C53: (mmol N m-2) | D53: 1.0521292 | F53: 0.20896668 | H53: 0.26691986 | J53: 2.3268684 | L53: 0.55378937
A54: 11 | B54: Meso Daytime Biomass | C54: (mmol N m-2) | D54: 9.913779 | E54: 1.6349767 | F54: 4.799307 | G54: 0.009130156 | H54: 13.576253 | I54: 7.2571895 | J54: 6.611693 | K54: 1.9186138 | L54: 1.1752714 | M54: 0.6314741
A55: 12 | B55: Meso Nighttime Biomass | C55: (mmol N m-2) | D55: 8.444529 | E55: 0.17518244 | F55: 20.486217 | G55: 5.1290183 | H55: 29.446911 | I55: 5.2590703 | J55: 11.317663 | K55: 6.5195917 | L55: 11.495678 | M55: 3.3280949
A56: 13 | B56: Macro Daytime Biomass | C56: (mmol N m-2) | D56: 0.2395441 | E56: 0.3387665 | F56: 0.7909605 | G56: 0.742375 | H56: 0.4689034 | I56: 0.3975926 | J56: 0.2321389 | K56: 0.1309799 | L56: 1.2055297 | M56: 0.8594286 | Q56: =0.004*D61 -> 0.10097137
A57: 14 | B57: Macro Nighttime Biomass | C57: (mmol N m-2) | D57: 4.1319075 | E57: 2.6204844 | F57: 3.9163574 | G57: 2.8763821 | H57: 2.7364645 | I57: 0.3570634 | J57: 1.4814089 | K57: 0.6263969 | L57: 1.2412796 | M57: 0.5305407
A58: 15 | B58: Amph Biomass | C58: (mmol N m-2) | D58: =AVERAGE(NZ_Extra!D18:D19) -> 0.32219336 | F58: =AVERAGE(NZ_Extra!F18:F19) -> 0.013295856 | H58: =AVERAGE(NZ_Extra!H18:H19) -> 0.00035641925 | J58: =AVERAGE(NZ_Extra!J18:J19) -> 0.033645985 | L58: =AVERAGE(NZ_Extra!L18:L19) -> 0.32333703
A59: 16 | B59: Gel Biomass | C59: (mmol N m-2) | D59: =AVERAGE(NZ_Extra!D20:D21) -> 0.03630691 | F59: =AVERAGE(NZ_Extra!F20:F21) -> 1.5563309 | H59: =AVERAGE(NZ_Extra!H20:H21) -> 0.040146445 | J59: =AVERAGE(NZ_Extra!J20:J21) -> 0.10771755 | L59: =AVERAGE(NZ_Extra!L20:L21) -> 0.078229615
A60: 17 | B60: Salp Daytime Biomass | C60: (mmol N m-2) | D60: 10.280305 | E60: 8.4812445 | F60: 3.5113963 | G60: 3.2785496 | H60: 0.075097617 | I60: 0.093705091 | J60: 7.6321475 | K60: 8.6550229 | L60: 0.001770607 | M60: 0.004337083
A61: 18 | B61: Salp Nighttime Biomass | C61: (mmol N m-2) | D61: 25.242841 | E61: 18.100778 | F61: 12.853549 | G61: 15.547954 | H61: 0.1207422 | I61: 0.17997649 | J61: 16.973082 | K61: 11.787042 | L61: 0.072586196 | M61: 0.15708615
A62: 19 | B62: Myct Biomass | C62: (mmol N m-2) | D62: 5.3549179 | F62: 5.3429932 | H62: 4.4510946 | J62: 4.1165391 | L62: 1.8180427
A63: 20 | B63: PiscivFish Biomass | C63: (mmol N m-2) | D63: 1.5578215 | F63: 1.3807396 | H63: 1.0937927 | J63: 0.87898105 | L63: 0.35441645
A64: 21 | B64: GelativFish Biomass | C64: (mmol N m-2) | D64: 18.40322 | F64: 10.490393 | H64: 0.11712693 | J64: 12.434822 | L64: 0.10979391
A65: 22 | B65: HNF Size | C65: (um3) | D65: 555.38994 | F65: 384.6628 | H65: 317.0839 | J65: 235.54478 | L65: 354.50234
A66: 23 | B66: Flag Size | C66: (um3) | D66: 1679.9188 | F66: 524.29392 | H66: 436.08202 | J66: 308.87667 | L66: 627.7901
A67: 24 | B67: Micro Size | C67: (um3) | D67: 11749.865 | F67: 8239.832 | H67: 10570.128 | J67: 23363.78 | L67: 11056.736
A68: 25 | B68: Meso Size | C68: (mg C ind-1) | D68: 0.007564 | F68: 0.007564 | H68: 0.007564 | J68: 0.007564 | L68: 0.007564
A69: 26 | B69: Macro Size | C69: (mg C ind-1) | D69: 0.468875 | F69: 0.468875 | H69: 0.468875 | J69: 0.468875 | L69: 0.468875
A70: 27 | B70: Amph Size | C70: (mg C ind-1) | D70: 0.9618686 | F70: 0.548151 | H70: 0.0281221 | J70: 0.7565458 | L70: 1.701548
A71: 28 | B71: GelPred Size | C71: (mg C ind-1) | D71: 0.0121023 | F71: 0.5187769 | H71: 0.01338215 | J71: 0.03590586 | L71: 0.02607654
A72: 29 | B72: Salp Size | C72: (mg C ind-1) | D72: 1.1365682 | F72: 2.3766437 | H72: 1.5945619 | J72: 20.549279 | L72: 1.5945619
A73: 30 | B73: Myct Size | C73: (mg WW ind-1) | D73: 1300 | F73: 1300 | H73: 1300 | J73: 1300 | L73: 1300
... A76: 33 | B76: Salp Basal Respiration | C76: (mmol N m-2 d-1) | D76: 1.0503395 | F76: 0.48589488 | H76: 0.0064810983 | J76: 0.79249506 | L76: 0.0028626112
A78: δ15N Values
A79: 1 | B79: Meso | C79: δ 15NAIR (‰) | D79: 6.534452 | E79: 0.7506496 | F79: 4.013099 | G79: 0.6753015 | H79: 9.131342 | I79: 0.4502469 | J79: 9.731341 | K79: 0.3558062 | L79: 4.515234 | M79: 0.3374372
A80: 2 | B80: Macro | C80: δ 15NAIR (‰) | D80: 6.095181 | E80: 1.4836384 | F80: 4.433093 | G80: 0.7529901 | H80: 8.993213 | I80: 0.5743025 | J80: 10.505179 | K80: 0.3846145 | L80: 6.581057 | M80: 1.1969808
A81: 3 | B81: Salp | C81: δ 15NAIR (‰) | D81: 2.78 | E81: 1.33 | F81: 1.13 | G81: 0.55 | H81: NaN | I81: NaN | J81: 7.75 | K81: 0.47 | L81: NaN | M81: NaN

Sheet InputsNZ (2)
A1: Approximate Equalities
C2: units | D2: Cycle 1 | E2: σ | F2: Cycle 2 | G2: σ | H2: Cycle 3 | I2: σ | J2: Cycle 4 | K2: σ | L2: Cycle 5 | M2: σ
A3: 1 | B3: NPP (14C) | C3: (mmol N m-2 d-1) | D3: 6.9751396 | E3: 2.1054147 | F3: 4.0433304 | G3: 0.782773 | H3: 9.8238143 | I3: 4.5503874 | J3: 5.6894075 | K3: 1.2846958 | L3: 3.1620202 | M3: 0.38276057
A4: 2 | B4: SedTrap Flux (shallow) | C4: (mmol N m-2 d-1) | D4: 0.97868813 | E4: 0.20023276 | F4: 1.634325 | G4: 0.056975159 | H4: 0.46955162 | I4: 0.029864707 | J4: 1.78897 | K4: 0.59585481 | L4: 0.4195884 | M4: 0.18168493
A5: 3 | B5: Pico NPP | C5: (mmol N m-2 d-1) | D5: =D3*NZ_Extra!D6 -> 2.1257041 | E5: =D5*SQRT((E3/D3)^2+(NZ_Extra!E6/NZ_Extra!D6)^2) -> 1.5292454 | F5: =F3*NZ_Extra!F6 -> 3.0867581 | G5: =F5*SQRT((G3/F3)^2+(NZ_Extra!G6/NZ_Extra!F6)^2) -> 0.91836993 | H5: =H3*NZ_Extra!H6 -> 6.4892367 | I5: =H5*SQRT((I3/H3)^2+(NZ_Extra!I6/NZ_Extra!H6)^2) -> 4.7574096 | J5: =J3*NZ_Extra!J6 -> 3.4570988 | K5: =J5*SQRT((K3/J3)^2+(NZ_Extra!K6/NZ_Extra!J6)^2) -> 2.235291 | L5: =L3*NZ_Extra!L6 -> 2.8354624 | M5: =L5*SQRT((M3/L3)^2+(NZ_Extra!M6/NZ_Extra!L6)^2) -> 3.809041
A6: 4 | B6: Flag NPP | C6: (mmol N m-2 d-1) | D6: =D3*NZ_Extra!D7 -> 1.6509193 | E6: =D6*SQRT((E3/D3)^2+(NZ_Extra!E7/NZ_Extra!D7)^2) -> 0.83512694 | F6: =F3*NZ_Extra!F7 -> 0.3456774 | G6: =F6*SQRT((G3/F3)^2+(NZ_Extra!G7/NZ_Extra!F7)^2) -> 0.50067474 | H6: =H3*NZ_Extra!H7 -> 2.7169 | I6: =H6*SQRT((I3/H3)^2+(NZ_Extra!I7/NZ_Extra!H7)^2) -> 3.3405852 | J6: =J3*NZ_Extra!J7 -> 1.9849115 | K6: =J6*SQRT((K3/J3)^2+(NZ_Extra!K7/NZ_Extra!J7)^2) -> 1.9757686 | L6: =L3*NZ_Extra!L7 -> 0.16239399 | M6: =L6*SQRT((M3/L3)^2+(NZ_Extra!M7/NZ_Extra!L7)^2) -> 3.4118451
A7: 5 | B7: Diatom NPP | C7: (mmol N m-2 d-1) | D7: =D3*NZ_Extra!D8 -> 3.1985162 | E7: =D7*SQRT((E3/D3)^2+(NZ_Extra!E8/NZ_Extra!D8)^2) -> 2.0384171 | F7: =F3*NZ_Extra!F8 -> 0.36121242 | G7: =F7*SQRT((G3/F3)^2+(NZ_Extra!G8/NZ_Extra!F8)^2) -> 0.23417384 | H7: =H3*NZ_Extra!H8 -> 0.61767758 | I7: =H7*SQRT((I3/H3)^2+(NZ_Extra!I8/NZ_Extra!H8)^2) -> 0.56187448 | J7: =J3*NZ_Extra!J8 -> 0.24739712 | K7: =J7*SQRT((K3/J3)^2+(NZ_Extra!K8/NZ_Extra!J8)^2) -> 0.15495822 | L7: =L3*NZ_Extra!L8 -> 0.16416388 | M7: =L7*SQRT((M3/L3)^2+(NZ_Extra!M8/NZ_Extra!L8)^2) -> 0.21488912
A8: 6 | B8: Picophyto Mortality | C8: (mmol N m-2 d-1) | D8: =D11*NZ_Extra!D14 -> 0.96803779 | E8: =D8*SQRT((E11/D11)^2+(NZ_Extra!E14/NZ_Extra!D14)^2) -> 0.77464728 | F8: =F11*NZ_Extra!F14 -> 1.8898784 | G8: =F8*SQRT((G11/F11)^2+(NZ_Extra!G14/NZ_Extra!F14)^2) -> 0.73034638 | H8: =H11*NZ_Extra!H14 -> 3.4956498 | I8: =H8*SQRT((I11/H11)^2+(NZ_Extra!I14/NZ_Extra!H14)^2) -> 2.5146744 | J8: =J11*NZ_Extra!J14 -> 2.1195066 | K8: =J8*SQRT((K11/J11)^2+(NZ_Extra!K14/NZ_Extra!J14)^2) -> 1.2931693 | L8: =L11*NZ_Extra!L14 -> 1.249681 | M8: =L8*SQRT((M11/L11)^2+(NZ_Extra!M14/NZ_Extra!L14)^2) -> 0.93631571
A9: 7 | B9: Flagellate Mortality | C9: (mmol N m-2 d-1) | D9: =D11*NZ_Extra!D15 -> 0.93107774 | E9: =D9*SQRT((E11/D11)^2+(NZ_Extra!E15/NZ_Extra!D15)^2) -> 1.0527763 | F9: =F11*NZ_Extra!F15 -> 0.484364 | G9: =F9*SQRT((G11/F11)^2+(NZ_Extra!G15/NZ_Extra!F15)^2) -> 0.53471732 | H9: =H11*NZ_Extra!H15 -> 1.5734107 | I9: =H9*SQRT((I11/H11)^2+(NZ_Extra!I15/NZ_Extra!H15)^2) -> 1.7854607 | J9: =J11*NZ_Extra!J15 -> 2.2956994 | K9: =J9*SQRT((K11/J11)^2+(NZ_Extra!K15/NZ_Extra!J15)^2) -> 1.4378622 | L9: =L11*NZ_Extra!L15 -> 1.5922616 | M9: =L9*SQRT((M11/L11)^2+(NZ_Extra!M15/NZ_Extra!L15)^2) -> 2.3670614
A10: 8 | B10: Diatom Mortality | C10: (mmol N m-2 d-1) | D10: =D11*NZ_Extra!D16 -> 1.6100342 | E10: =D10*SQRT((E11/D11)^2+(NZ_Extra!E16/NZ_Extra!D16)^2) -> 1.1415465 | F10: =F11*NZ_Extra!F16 -> 0.0831399 | G10: =F10*SQRT((G11/F11)^2+(NZ_Extra!G16/NZ_Extra!F16)^2) -> 0.034881401 | H10: =H11*NZ_Extra!H16 -> 0.30286348 | I10: =H10*SQRT((I11/H11)^2+(NZ_Extra!I16/NZ_Extra!H16)^2) -> 0.26697517 | J10: =J11*NZ_Extra!J16 -> 0.18752559 | K10: =J10*SQRT((K11/J11)^2+(NZ_Extra!K16/NZ_Extra!J16)^2) -> 0.12099696 | L10: =L11*NZ_Extra!L16 -> 0.1359202 | M10: =L10*SQRT((M11/L11)^2+(NZ_Extra!M16/NZ_Extra!L16)^2) -> 0.13470708
A11: 9 | B11: Protistan Grazing Rate (14C) | C11: (mmol N m-2 d-1) | D11: 3.5091497 | E11: 1.264978 | F11: 2.6936632 | G11: 0.60951549 | H11: 5.371924 | I11: 2.9742856 | J11: 4.6027316 | K11: 2.1767591 | L11: 2.9778627 | M11: 0.86612577
A12: 10 | B12: Mesozoo Grazing | C12: (mmol N m-2 d-1) | D12: 0.90936712 | E12: 0.18438144 | F12: 0.69786875 | G12: 0.33083743 | H12: 0.24256809 | I12: 0.099091056 | J12: 0.326373 | K12: 0.1143953 | L12: 0.3026578 | M12: 0.16079582
A13: 11 | B13: VMMeso Grazing | C13: (mmol N m-2 d-1) | D13: NA | E13: NA | F13: 0.37867569 | G13: 0.22091414 | H13: 0.13229504 | I13: 0.038642116 | J13: 0.073472457 | K13: 0.10700278 | L13: 0.2096015 | M13: 0.12952208 | P13: =H11/SUM(H12:H15) -> 13.90799
A14: 12 | B14: Macrozoo Grazing | C14: (mmol N m-2 d-1) | D14: 0.027775614 | E14: 0.027788247 | F14: 0.033175155 | G14: 0.075474281 | H14: 0.0078424367 | I14: 0.011119541 | J14: 0.011164564 | K14: 0.01411272 | L14: 0.024892997 | M14: 0.025748037
A15: 13 | B15: VMMacro Grazing | C15: (mmol N m-2 d-1) | D15: 0.0088005357 | E15: 0.012670302 | F15: 0.020797253 | G15: 0.047029264 | H15: 0.0035417564 | I15: 0.0067117834 | J15: 0.0031993794 | K15: 0.0095212134 | L15: 8.8802004e-05 | M15: 0.012747025
A16: 14 | B16: Salp Autotroph Grazing | C16: (mmol N m-2 d-1) | D16: 2.6592087 | E16: 1.9074743 | F16: 1.7577646 | G16: 0.91975507 | H16: 0.024739266 | I16: 0.028097449 | J16: 1.5968294 | K16: 0.97512047 | L16: 0.0072143977 | M16: 0.016218315
A17: 15 | B17: Salp Heterotroph Grazing | C17: (mmol N m-2 d-1) | D17: =(D16/0.58499)*0.41501 -> 1.8865249 | E17: =D17*SQRT((E16/D16)^2+(0.17843/0.58499)^2+(0.17843/0.41501)^2) -> 1.6793412 | F17: =(F16/0.95928)*0.4072 -> 0.74614477 | G17: =F17*SQRT((G16/F16)^2+(0.30768/0.95928)^2+(0.30768/0.04072)^2) -> 5.6564312 | H17: =(H16/0.7689925)*0.23100747 -> 0.0074317438 | I17: =H17*SQRT((I16/H16)^2+(0.28703/0.76899)^2+(0.28703/0.23101)^2) -> 0.012814187 | J17: =(J16/0.81303)*0.18697 -> 0.36721793 | K17: =J17*SQRT((K16/J16)^2+(0.22065/0.81303)^2+(0.22065/0.18697)^2) -> 0.49802123 | L17: =(L16/0.94848)*0.05152 -> 0.00039187518 | M17: =L17*SQRT((M16/L16)^2+(0/0.94848)^2+(0/0.05152)^2) -> 0.00088095433
A18: 16 | B18: PicoTOSalp | C18: (mmol N m-2 d-1) | D18: =(D16+D17) * 0.0144398 -> 0.065639483 | E18: =D18*SQRT((SQRT((E16)^2+(E17^2))/(D16+D17))^2+(0.00000265298/0.0144398)^2) -> 0.036697114 | F18: =(F16+F17) * 0.02786716 -> 0.069776844 | G18: =F18*SQRT((SQRT((G16)^2+(G17^2))/(F16+F17))^2+(6.398304E-19/0.02786716)^2) -> 0.15969892 | H18: =(H16+H17) * 0.08979186 -> 0.0028886948 | I18: =H18*SQRT((SQRT((I16)^2+(I17^2))/(H16+H17))^2+(0/0.08979186)^2) -> 0.0027729117 | J18: =(J16+J17) * 0.0366902 -> 0.07206129 | K18: =J18*SQRT((SQRT((K16)^2+(K17^2))/(J16+J17))^2+(0/0.0366902)^2) -> 0.040173425 | L18: =(L16+L17) * 0.02808958 -> 0.00021365701 | M18: =L18*SQRT((SQRT((M16)^2+(M17^2))/(L16+L17))^2+(0.0000002335522/0.02808958)^2) -> 0.00045623722
A19: 17 | B19: DtmTOSalp | C19: (mmol N m-2 d-1) | D19: =(D16+D17) * 0.1836172 -> 0.83467486 | E19: =D19*SQRT((SQRT((E16)^2+(E17^2))/(D16+D17))^2+(0.001733872/0.1836172)^2) -> 0.46670883 | F19: =(F16+F17) * 0.09318711 -> 0.23333208 | G19: =F19*SQRT((SQRT((G16)^2+(G17^2))/(F16+F17))^2+(0.0006530248/0.09318711)^2) -> 0.53403183 | H19: =(H16+H17) * 0.0004796753 -> 1.5431639e-05 | I19: =H19*SQRT((SQRT((I16)^2+(I17^2))/(H16+H17))^2+(0.00001015141/0.0004796753)^2) -> 1.4816716e-05 | J19: =(J16+J17) * 0.000004663878 -> 9.1600772e-06 | K19: =J19*SQRT((SQRT((K16)^2+(K17^2))/(J16+J17))^2+(0/0.000004663878)^2) -> 5.1066484e-06 | L19: =(L16+L17) * 0.09488286 -> 0.00072170493 | M19: =L19*SQRT((SQRT((M16)^2+(M17^2))/(L16+L17))^2+(0.000609438/0.09488286)^2) -> 0.0015411155
A20: 18 | B20: OtherTOSalp | C20: (mmol N m-2 d-1) | D20: =(D16+D17) * 0.8019303 -> 3.6453615 | E20: =D20*SQRT((SQRT((E16)^2+(E17^2))/(D16+D17))^2+(0.001733677/0.8019303)^2) -> 2.0380301 | F20: =(F16+F17) * 0.8789064 -> 2.200702 | G20: =F20*SQRT((SQRT((G16)^2+(G17^2))/(F16+F17))^2+(0.0006530248/0.8789064)^2) -> 5.0367676 | H20: =(H16+H17) * 0.9097285 -> 0.029266884 | I20: =H20*SQRT((SQRT((I16)^2+(I17^2))/(H16+H17))^2+(0.00001015141/0.9097285)^2) -> 0.028093825 | J20: =(J16+J17) * 0.9633051 -> 1.8919768 | K20: =J20*SQRT((SQRT((K16)^2+(K17^2))/(J16+J17))^2+(0/0.9633051)^2) -> 1.0547575 | L20: =(L16+L17) * 0.8769906 -> 0.0066706299 | M20: =L20*SQRT((SQRT((M16)^2+(M17^2))/(L16+L17))^2+(0.0006094337/0.8769906)^2) -> 0.014244278
A21: 19 | B21: Salp Fecal Pellet Production | C21: (mmol N m-2 d-1) | D21: 0.95731512 | E21: 0.68669075 | F21: 0.63279526 | G21: 0.33111182 | H21: 0.0089061358 | I21: 0.010115082 | J21: 0.57485859 | K21: 0.35104337 | L21: 0.0025971832 | M21: 0.0058385932
A22: 20 | B22: Bacterial Production | C22: (mmol N m-2 d-1) | D22: 0.76851397 | E22: 0.15497851 | F22: 0.51195866 | G22: 0.17726619 | H22: 0.82093159 | I22: 0.1864646 | J22: 0.73073094 | K22: 0.19985947 | L22: 0.44078467 | M22: 0.10558125
A23: 21 | B23: Myct Scaled Meso Consumption | C23: (mmol N m-2 d-1) | D23: 0.11693991 | E23: 0.058469954 | F23: 0.061141856 | G23: 0.030570928 | H23: 0.17295774 | I23: 0.086478872 | J23: 0.084231157 | K23: 0.042115579 | L23: 0.014972636 | M23: 0.0074863178 | O23: =SUM(D23,D25:D29) -> 0.43277318 | P23: =SUM(F23:F29) -> 0.45659797 | Q23: =SUM(H23:H29) -> 0.40748867 | R23: =SUM(J23:J29) -> 0.34085084 | S23: =SUM(L23:L29) -> 0.16556105
A24: 22 | B24: Myct Scaled VMMeso Consumption | C24: (mmol N m-2 d-1) | D24: NA | E24: NA | F24: 0.19984694 | G24: 0.099923468 | H24: 0.20218783 | I24: 0.10109392 | J24: 0.059952768 | K24: 0.029976384 | L24: 0.13147915 | M24: 0.065739576
A25: 23 | B25: Myct Scaled Macro Consumption | C25: (mmol N m-2 d-1) | D25: 0.0026827246 | E25: 0.0013413623 | F25: 0.0088581984 | G25: 0.0044290992 | H25: 0.0052513866 | I25: 0.0026256933 | J25: 0.0025997916 | K25: 0.0012998958 | L25: 0.01350108 | M25: 0.0067505401
A26: 24 | B26: Myct Scaled VMMacro Consumption | C26: (mmol N m-2 d-1) | D26: 0.043591718 | E26: 0.021795859 | F26: 0.035002236 | G26: 0.017501118 | H26: 0.025395081 | I26: 0.012697541 | J26: 0.013990941 | K26: 0.0069954704 | L26: 0.0004003736 | M26: 0.0002001868
A27: 25 | B27: Myct Scaled Amph Consumption | C27: (mmol N m-2 d-1) | D27: 0.0036083378 | E27: 0.0018041689 | F27: 0.00014890419 | G27: 7.4452093e-05 | H27: 3.9916436e-06 | I27: 1.9958218e-06 | J27: 0.00037681124 | K27: 0.00018840562 | L27: 0.0036211461 | M27: 0.001810573
A28: 26 | B28: Myct Scaled Salp Consumption | C28: (mmol N m-2 d-1) | D28: 0.26556852 | E28: 0.13278426 | F28: 0.13522638 | G28: 0.067613192 | H28: 0.0012702741 | I28: 0.00063513703 | J28: 0.17856612 | K28: 0.08928306 | L28: 0.00076364656 | M28: 0.00038182328
A29: 27 | B29: Myct Scaled Gel Consumption | C29: (mmol N m-2 d-1) | D29: 0.00038196859 | E29: 0.00019098429 | F29: 0.016373454 | G29: 0.008186727 | H29: 0.0004223626 | I29: 0.0002111813 | J29: 0.0011332476 | K29: 0.00056662382 | L29: 0.00082301842 | M29: 0.00041150921
A30: 28 | B30: PiscivFish Scaled Myct Consumption | C30: (mmol N m-2 d-1) | D30: 0.022182564 | E30: 0.011091282 | F30: 0.022133166 | G30: 0.011066583 | H30: 0.018438507 | I30: 0.0092192534 | J30: 0.017052622 | K30: 0.008526311 | L30: 0.0075311797 | M30: 0.0037655899
A31: 29 | B31: PiscivFish Scaled VMMacro Consumption | C31: (mmol N m-2 d-1) | D31: 0.0041610276 | E31: 0.0020805138 | F31: 0.0033411225 | G31: 0.0016705612 | H31: 0.0024240759 | I31: 0.001212038 | J31: 0.0013354989 | K31: 0.00066774944 | L31: 3.821748e-05 | M31: 1.910874e-05
A32: 30 | B32: PiscivFish Scaled Amph Consumption | C32: (mmol N m-2 d-1) | D32: 0.00034443225 | E32: 0.00017221612 | F32: 1.4213581e-05 | G32: 7.1067907e-06 | H32: 3.8102053e-07 | I32: 1.9051026e-07 | J32: 3.5968346e-05 | K32: 1.7984173e-05 | L32: 0.00034565485 | M32: 0.00017282743
A33: 31 | B33: GelativFish Scaled Salp Consumption | C33: (mmol N m-2 d-1) | D33: 0.14617279 | E33: 0.073086394 | F33: 0.074430574 | G33: 0.037215287 | H33: 0.00069917737 | I33: 0.00034958868 | J33: 0.098285396 | K33: 0.049142698 | L33: 0.0004203222 | M33: 0.0002101611
A34: 32 | B34: GelativFish Scaled Gel Consumption | C34: (mmol N m-2 d-1) | D34: 0.00021024108 | E34: 0.00010512054 | F34: 0.0090121878 | G34: 0.0045060939 | H34: 0.00023247453 | I34: 0.00011623727 | J34: 0.00062375603 | K34: 0.00031187802 | L34: 0.00045300134 | M34: 0.00022650067
A35: 33 | B35: HTL Scaled Meso Consumption | C35: (mmol N m-2 d-1) | D35: 0.012423441 | E35: 0.0062117204 | F35: 0.0064955775 | G35: 0.0032477887 | H35: 0.018374654 | I35: 0.0091873268 | J35: 0.0089485345 | K35: 0.0044742672 | L35: 0.0015906602 | M35: 0.00079533008
A36: 34 | B36: HTL Scaled VMMeso Consumption | C36: (mmol N m-2 d-1) | D36: NA | E36: NA | F36: 0.021231303 | G36: 0.010615651 | H36: 0.021479995 | I36: 0.010739997 | J36: 0.0063692514 | K36: 0.0031846257 | L36: 0.013968058 | M36: 0.0069840292
A37: 35 | B37: HTL Scaled Macro Consumption | C37: (mmol N m-2 d-1) | D37: 0.00086862565 | E37: 0.00043431282 | F37: 0.0028681507 | G37: 0.0014340753 | H37: 0.0017003196 | I37: 0.00085015978 | J37: 0.0008417732 | K37: 0.0004208866 | L37: 0.0043714457 | M37: 0.0021857228
A38: 36 | B38: HTL Scaled VMMacro Consumption | C38: (mmol N m-2 d-1) | D38: 0.014114339 | E38: 0.0070571696 | F38: 0.011333195 | G38: 0.0056665973 | H38: 0.0082225433 | I38: 0.0041112716 | J38: 0.0045300551 | K38: 0.0022650275 | L38: 0.00012963492 | M38: 6.481746e-05
A39: 37 | B39: HTL Scaled Amph Consumption | C39: (mmol N m-2 d-1) | D39: 0.0011683252 | E39: 0.00058416261 | F39: 4.8212924e-05 | G39: 2.4106462e-05 | H39: 1.2924338e-06 | I39: 6.4621692e-07 | J39: 0.00012200578 | K39: 6.1002892e-05 | L39: 0.0011724723 | M39: 0.00058623617
A40: 38 | B40: HTL Scaled Salp Consumption | C40: (mmol N m-2 d-1) | D40: 0.13221495 | E40: 0.066107475 | F40: 0.0673233 | G40: 0.03366165 | H40: 0.00063241388 | I40: 0.00031620694 | J40: 0.088900259 | K40: 0.044450129 | L40: 0.00038018621 | M40: 0.00019009311
A41: 39 | B41: HTL Scaled Gel Consumption | C41: (mmol N m-2 d-1) | D41: 0.00019016545 | E41: 9.5082724e-05 | F41: 0.0081516264 | G41: 0.0040758132 | H41: 0.00021027586 | I41: 0.00010513793 | J41: 0.00056419443 | K41: 0.00028209721 | L41: 0.00040974486 | M41: 0.00020487243
A43: Inequality Inputs
A44: 1 | B44: Temperature (0-70) | C44: deg C | D44: 10.240493 | E44: 0.5896211 | F44: 9.897492 | G44: 0.4112118 | H44: 13.090224 | I44: 0.3273925 | J44: 12.122057 | K44: 0.5916513 | L44: 10.688394 | M44: 0.5750481
A45: 2 | B45: Temperature (200) | C45: deg C | D45: 9.397415 | F45: 7.915702 | H45: 11.465439 | J45: 9.652742 | L45: 7.9416
A46: 3 | B46: Temperature (bottom 100) | C46: deg C | D46: 5.73695 | F46: 2.882 | H46: 4.9304 | J46: 8.341335 | L46: 1.8084
A47: 4 | B47: Bottom Depth | C47: m | D47: 884.2632 | F47: 1501.6923 | H47: 1046.5 | J47: 449.5 | L47: 2635.1
A48: 5 | B48: Salp FP Flux | C48: (mmol N m-2 d-1) | D48: 0.32656759 | E48: 0.16437855 | F48: 0.31045976 | G48: 0.078558799 | H48: 0.0073162576 | I48: 0.0070528902 | J48: 0.47390571 | K48: 0.16146131 | L48: 0.00019337845 | M48: 0.00061151635
A49: 6 | B49: Pico Biomass | C49: (mmol N m-2) | D49: 2.4323502 | F49: 3.7253042 | H49: 4.8385682 | J49: 1.3939279 | L49: 8.6175825
A50: 7 | B50: Diatom Biomass | C50: (mmol N m-2) | D50: 8.4716316 | F50: 1.1232474 | H50: 0.51240455 | J50: 0.35273312 | L50: 0.46975683
A51: 8 | B51: Flag Biomass | C51: (mmol N m-2) | D51: 5.3577987 | F51: 3.4577517 | H51: 4.2948953 | J51: 3.9405854 | L51: 3.0408447
A52: 9 | B52: HNF Biomass | C52: (mmol N m-2) | D52: 0.9080092 | F52: 1.1168358 | H52: 2.0222311 | J52: 1.7585174 | L52: 0.81948829
A53: 10 | B53: MIC Biomass | C53: (mmol N m-2) | D53: 1.0521292 | F53: 0.20896668 | H53: 0.26691986 | J53: 2.3268684 | L53: 0.55378937
A54: 11 | B54: Meso Daytime Biomass | C54: (mmol N m-2) | D54: 9.913779 | E54: 1.6349767 | F54: 4.799307 | G54: 0.009130156 | H54: 13.576253 | I54: 7.2571895 | J54: 6.611693 | K54: 1.9186138 | L54: 1.1752714 | M54: 0.6314741
A55: 12 | B55: Meso Nighttime Biomass | C55: (mmol N m-2) | D55: 8.444529 | E55: 0.17518244 | F55: 20.486217 | G55: 5.1290183 | H55: 29.446911 | I55: 5.2590703 | J55: 11.317663 | K55: 6.5195917 | L55: 11.495678 | M55: 3.3280949
A56: 13 | B56: Macro Daytime Biomass | C56: (mmol N m-2) | D56: 0.2395441 | E56: 0.3387665 | F56: 0.7909605 | G56: 0.742375 | H56: 0.4689034 | I56: 0.3975926 | J56: 0.2321389 | K56: 0.1309799 | L56: 1.2055297 | M56: 0.8594286 | Q56: =0.004*D61 -> 0.10097137
A57: 14 | B57: Macro Nighttime Biomass | C57: (mmol N m-2) | D57: 4.1319075 | E57: 2.6204844 | F57: 3.9163574 | G57: 2.8763821 | H57: 2.7364645 | I57: 0.3570634 | J57: 1.4814089 | K57: 0.6263969 | L57: 1.2412796 | M57: 0.5305407
A58: 15 | B58: Amph Biomass | C58: (mmol N m-2) | D58: =AVERAGE(NZ_Extra!D18:D19) -> 0.32219336 | F58: =AVERAGE(NZ_Extra!F18:F19) -> 0.013295856 | H58: =AVERAGE(NZ_Extra!H18:H19) -> 0.00035641925 | J58: =AVERAGE(NZ_Extra!J18:J19) -> 0.033645985 | L58: =AVERAGE(NZ_Extra!L18:L19) -> 0.32333703
A59: 16 | B59: Gel Biomass | C59: (mmol N m-2) | D59: =AVERAGE(NZ_Extra!D20:D21) -> 0.03630691 | F59: =AVERAGE(NZ_Extra!F20:F21) -> 1.5563309 | H59: =AVERAGE(NZ_Extra!H20:H21) -> 0.040146445 | J59: =AVERAGE(NZ_Extra!J20:J21) -> 0.10771755 | L59: =AVERAGE(NZ_Extra!L20:L21) -> 0.078229615
A60: 17 | B60: Salp Daytime Biomass | C60: (mmol N m-2) | D60: 10.280305 | E60: 8.4812445 | F60: 3.5113963 | G60: 3.2785496 | H60: 0.075097617 | I60: 0.093705091 | J60: 7.6321475 | K60: 8.6550229 | L60: 0.001770607 | M60: 0.004337083
A61: 18 | B61: Salp Nighttime Biomass | C61: (mmol N m-2) | D61: 25.242841 | E61: 18.100778 | F61: 12.853549 | G61: 15.547954 | H61: 0.1207422 | I61: 0.17997649 | J61: 16.973082 | K61: 11.787042 | L61: 0.072586196 | M61: 0.15708615
A62: 19 | B62: Myct Biomass | C62: (mmol N m-2) | D62: 5.3549179 | F62: 5.3429932 | H62: 4.4510946 | J62: 4.1165391 | L62: 1.8180427
A63: 20 | B63: PiscivFish Biomass | C63: (mmol N m-2) | D63: 1.5578215 | F63: 1.3807396 | H63: 1.0937927 | J63: 0.87898105 | L63: 0.35441645
A64: 21 | B64: GelativFish Biomass | C64: (mmol N m-2) | D64: 18.40322 | F64: 10.490393 | H64: 0.11712693 | J64: 12.434822 | L64: 0.10979391
A65: 22 | B65: HNF Size | C65: (um3) | D65: 555.38994 | F65: 384.6628 | H65: 317.0839 | J65: 235.54478 | L65: 354.50234
A66: 23 | B66: Flag Size | C66: (um3) | D66: 1679.9188 | F66: 524.29392 | H66: 436.08202 | J66: 308.87667 | L66: 627.7901
A67: 24 | B67: Micro Size | C67: (um3) | D67: 11749.865 | F67: 8239.832 | H67: 10570.128 | J67: 23363.78 | L67: 11056.736
A68: 25 | B68: Meso Size | C68: (mg C ind-1) | D68: 0.007564 | F68: 0.007564 | H68: 0.007564 | J68: 0.007564 | L68: 0.007564
A69: 26 | B69: Macro Size | C69: (mg C ind-1) | D69: 0.468875 | F69: 0.468875 | H69: 0.468875 | J69: 0.468875 | L69: 0.468875
A70: 27 | B70: Amph Size | C70: (mg C ind-1) | D70: 0.9618686 | F70: 0.548151 | H70: 0.0281221 | J70: 0.7565458 | L70: 1.701548
A71: 28 | B71: GelPred Size | C71: (mg C ind-1) | D71: 0.0121023 | F71: 0.5187769 | H71: 0.01338215 | J71: 0.03590586 | L71: 0.02607654
A72: 29 | B72: Salp Size | C72: (mg C ind-1) | D72: 1.1365682 | F72: 2.3766437 | H72: 1.5945619 | J72: 20.549279 | L72: 1.5945619
A73: 30 | B73: Myct Size | C73: (mg WW ind-1) | D73: 1300 | F73: 1300 | H73: 1300 | J73: 1300 | L73: 1300
... A76: 33 | B76: Salp Basal Respiration | C76: (mmol N m-2 d-1) | D76: 1.0503395 | F76: 0.48589488 | H76: 0.0064810983 | J76: 0.79249506 | L76: 0.0028626112
A78: δ15N Values
A79: 1 | B79: Meso | C79: δ 15NAIR (‰) | D79: 6.534452 | E79: 0.7506496 | F79: 4.013099 | G79: 0.6753015 | H79: 9.131342 | I79: 0.4502469 | J79: 9.731341 | K79: 0.3558062 | L79: 4.515234 | M79: 0.3374372
A80: 2 | B80: Macro | C80: δ 15NAIR (‰) | D80: 6.095181 | E80: 1.4836384 | F80: 4.433093 | G80: 0.7529901 | H80: 8.993213 | I80: 0.5743025 | J80: 10.505179 | K80: 0.3846145 | L80: 6.581057 | M80: 1.1969808
A81: 3 | B81: Salp | C81: δ 15NAIR (‰) | D81: 2.78 | E81: 1.33 | F81: 1.13 | G81: 0.55 | H81: NaN | I81: NaN | J81: 7.75 | K81: 0.47 | L81: NaN | M81: NaN

Sheet Sheet1
B2: units | C2: Cycle 1 | D2: σ | E2: Cycle 2 | F2: σ | G2: Cycle 3 | H2: σ | I2: Cycle 4 | J2: σ | K2: Cycle 5 | L2: σ
A3: Meso Daytime Biomass | B3: (mmol N m-2) | C3: 9.913779 | D3: 1.6349767 | E3: 4.799307 | F3: 0.009130156 | G3: 13.576253 | H3: 7.2571895 | I3: 6.611693 | J3: 1.9186138 | K3: 1.1752714 | L3: 0.6314741
A4: Meso Nighttime Biomass | B4: (mmol N m-2) | C4: 8.444529 | D4: 0.17518244 | E4: 20.486217 | F4: 5.1290183 | G4: 29.446911 | H4: 5.2590703 | I4: 11.317663 | J4: 6.5195917 | K4: 11.495678 | L4: 3.3280949
A5: Macro Daytime Biomass | B5: (mmol N m-2) | C5: 0.2395441 | D5: 0.3387665 | E5: 0.7909605 | F5: 0.742375 | G5: 0.4689034 | H5: 0.3975926 | I5: 0.2321389 | J5: 0.1309799 | K5: 1.2055297 | L5: 0.8594286
A6: Macro Nighttime Biomass | B6: (mmol N m-2) | C6: 4.1319075 | D6: 2.6204844 | E6: 3.9163574 | F6: 2.8763821 | G6: 2.7364645 | H6: 0.3570634 | I6: 1.4814089 | J6: 0.6263969 | K6: 1.2412796 | L6: 0.5305407
A8: NVM Meso Biomass | B8: (mmol N m-2) | C8: =C3 -> 9.913779 | D8: =D3 -> 1.6349767 | E8: =E3 -> 4.799307 | F8: =F3 -> 0.009130156 | G8: =G3 -> 13.576253 | H8: =H3 -> 7.2571895 | I8: =I3 -> 6.611693 | J8: =J3 -> 1.9186138 | ... L8: =L3 -> 0.6314741
A9: VM Meso Biomass | B9: (mmol N m-2) | E9: =E4-E3 -> 15.68691 | G9: =G4-G3 -> 15.870658 | I9: =I4-I3 -> 4.70597 | K9: =K4-K3 -> 10.320407
A10: NVM Macro Biomass | B10: (mmol N m-2) | C10: =C5 -> 0.2395441 | E10: =E5 -> 0.7909605 | G10: =G5 -> 0.4689034 | I10: =I5 -> 0.2321389 | K10: =K5 -> 1.2055297
A11: VM Macro Biomass | B11: (mmol N m-2) | C11: =C6-C5 -> 3.8923634 | E11: =E6-E5 -> 3.1253969 | G11: =G6-G5 -> 2.2675611 | I11: =I6-I5 -> 1.24927 | K11: =K6-K5 -> 0.0357499
A13: Total Meso Biomass | B13: (mmol N m-2) | C13: =SUM(C8:C9) -> 9.913779 | E13: =SUM(E8:E9) -> 20.486217 | G13: =SUM(G8:G9) -> 29.446911 | I13: =SUM(I8:I9) -> 11.317663 | K13: =SUM(K8:K9) -> 11.495678
A14: Total Macro Biomass | B14: (mmol N m-2) | C14: =SUM(C10:C11) -> 4.1319075 | E14: =SUM(E10:E11) -> 3.9163574 | G14: =SUM(G10:G11) -> 2.7364645 | I14: =SUM(I10:I11) -> 1.4814089 | K14: =SUM(K10:K11) -> 1.2412796

Sheet InputsNZ_C
A1: Approximate Equalities
C2: units | D2: Cycle 1 | E2: σ | F2: Cycle 2 | G2: σ | H2: Cycle 3 | I2: σ | J2: Cycle 4 | K2: σ | L2: Cycle 5 | M2: σ
A3: 1 | B3: NPP (14C) | C3: (mg C m-2 d-1) | D3: =InputsNZ!D3*(106/16)*12 -> 554.5236 | E3: =InputsNZ!E3*(106/16)*12 -> 167.38047 | F3: =InputsNZ!F3*(106/16)*12 -> 321.44477 | G3: =InputsNZ!G3*(106/16)*12 -> 62.230454 | H3: =InputsNZ!H3*(106/16)*12 -> 780.99324 | I3: =InputsNZ!I3*(106/16)*12 -> 361.7558 | J3: =InputsNZ!J3*(106/16)*12 -> 452.30789 | K3: =InputsNZ!K3*(106/16)*12 -> 102.13332 | ... M3: =InputsNZ!M3*(106/16)*12 -> 30.429465
A4: 2 | B4: SedTrap Flux (shallow) | C4: (mg C m-2 d-1) | D4: =InputsNZ!D4*(106/16)*12 -> 77.805706 | E4: =InputsNZ!E4*(106/16)*12 -> 15.918505 | F4: =InputsNZ!F4*(106/16)*12 -> 129.92884 | G4: =InputsNZ!G4*(106/16)*12 -> 4.5295252 | H4: =InputsNZ!H4*(106/16)*12 -> 37.329353 | I4: =InputsNZ!I4*(106/16)*12 -> 2.3742442 | J4: =InputsNZ!J4*(106/16)*12 -> 142.22312 | K4: =InputsNZ!K4*(106/16)*12 -> 47.370457 | ... M4: =InputsNZ!M4*(106/16)*12 -> 14.443952
A5: 3 | B5: Pico NPP | C5: (mg C m-2 d-1) | D5: =InputsNZ!D5*(106/16)*12 -> 168.99348 | E5: =InputsNZ!E5*(106/16)*12 -> 121.57501 | F5: =InputsNZ!F5*(106/16)*12 -> 245.39727 | G5: =InputsNZ!G5*(106/16)*12 -> 73.010409 | H5: =InputsNZ!H5*(106/16)*12 -> 515.89432 | I5: =InputsNZ!I5*(106/16)*12 -> 378.21406 | J5: =InputsNZ!J5*(106/16)*12 -> 274.83935 | K5: =InputsNZ!K5*(106/16)*12 -> 177.70564 | ... M5: =InputsNZ!M5*(106/16)*12 -> 302.81876
A6: 4 | B6: Flag NPP | C6: (mg C m-2 d-1) | D6: =InputsNZ!D6*(106/16)*12 -> 131.24809 | E6: =InputsNZ!E6*(106/16)*12 -> 66.392591 | F6: =InputsNZ!F6*(106/16)*12 -> 27.481353 | G6: =InputsNZ!G6*(106/16)*12 -> 39.803642 | H6: =InputsNZ!H6*(106/16)*12 -> 215.99355 | I6: =InputsNZ!I6*(106/16)*12 -> 265.57652 | J6: =InputsNZ!J6*(106/16)*12 -> 157.80047 | K6: =InputsNZ!K6*(106/16)*12 -> 157.0736 | ... M6: =InputsNZ!M6*(106/16)*12 -> 271.24169
A7: 5 | B7: Diatom NPP | C7: (mg C m-2 d-1) | D7: =InputsNZ!D7*(106/16)*12 -> 254.28203 | E7: =InputsNZ!E7*(106/16)*12 -> 162.05416 | F7: =InputsNZ!F7*(106/16)*12 -> 28.716387 | G7: =InputsNZ!G7*(106/16)*12 -> 18.616821 | H7: =InputsNZ!H7*(106/16)*12 -> 49.105367 | I7: =InputsNZ!I7*(106/16)*12 -> 44.669022 | J7: =InputsNZ!J7*(106/16)*12 -> 19.668071 | K7: =InputsNZ!K7*(106/16)*12 -> 12.319178 | ... M7: =InputsNZ!M7*(106/16)*12 -> 17.083685
A8: 6 | B8: Picophyto Mortality | C8: (mg C m-2 d-1) | D8: =InputsNZ!D8*(106/16)*12 -> 76.959004 | E8: =InputsNZ!E8*(106/16)*12 -> 61.584459 | F8: =InputsNZ!F8*(106/16)*12 -> 150.24533 | G8: =InputsNZ!G8*(106/16)*12 -> 58.062538 | H8: =InputsNZ!H8*(106/16)*12 -> 277.90416 | I8: =InputsNZ!I8*(106/16)*12 -> 199.91661 | J8: =InputsNZ!J8*(106/16)*12 -> 168.50077 | K8: =InputsNZ!K8*(106/16)*12 -> 102.80696 | ... M8: =InputsNZ!M8*(106/16)*12 -> 74.437099
A9: 7 | B9: Flagellate Mortality | C9: (mg C m-2 d-1) | D9: =InputsNZ!D9*(106/16)*12 -> 74.02068 | E9: =InputsNZ!E9*(106/16)*12 -> 83.695719 | F9: =InputsNZ!F9*(106/16)*12 -> 38.506938 | G9: =InputsNZ!G9*(106/16)*12 -> 42.510027 | H9: =InputsNZ!H9*(106/16)*12 -> 125.08615 | I9: =InputsNZ!I9*(106/16)*12 -> 141.94413 | J9: =InputsNZ!J9*(106/16)*12 -> 182.5081 | K9: =InputsNZ!K9*(106/16)*12 -> 114.31005 | ... M9: =InputsNZ!M9*(106/16)*12 -> 188.18138
A10: 8 | B10: Diatom Mortality | C10: (mg C m-2 d-1) | D10: =InputsNZ!D10*(106/16)*12 -> 127.99772 | E10: =InputsNZ!E10*(106/16)*12 -> 90.752947 | F10: =InputsNZ!F10*(106/16)*12 -> 6.609622 | G10: =InputsNZ!G10*(106/16)*12 -> 2.7730714 | H10: =InputsNZ!H10*(106/16)*12 -> 24.077647 | I10: =InputsNZ!I10*(106/16)*12 -> 21.224526 | J10: =InputsNZ!J10*(106/16)*12 -> 14.908284 | K10: =InputsNZ!K10*(106/16)*12 -> 9.6192584 | ... M10: =InputsNZ!M10*(106/16)*12 -> 10.709213
A11: 9 | B11: Protistan Grazing Rate (14C) | C11: (mg C m-2 d-1) | D11: =InputsNZ!D11*(106/16)*12 -> 278.9774 | E11: =InputsNZ!E11*(106/16)*12 -> 100.56575 | F11: =InputsNZ!F11*(106/16)*12 -> 214.14622 | G11: =InputsNZ!G11*(106/16)*12 -> 48.456482 | H11: =InputsNZ!H11*(106/16)*12 -> 427.06796 | I11: =InputsNZ!I11*(106/16)*12 -> 236.45571 | J11: =InputsNZ!J11*(106/16)*12 -> 365.91716 | K11: =InputsNZ!K11*(106/16)*12 -> 173.05235 | ... M11: =InputsNZ!M11*(106/16)*12 -> 68.856999
A12: 10 | B12: Mesozoo Grazing | C12: (mg C m-2 d-1) | D12: =InputsNZ!D12*(106/16)*12 -> 72.294686 | E12: =InputsNZ!E12*(106/16)*12 -> 14.658324 | F12: =InputsNZ!F12*(106/16)*12 -> 55.480566 | G12: =InputsNZ!G12*(106/16)*12 -> 26.301575 | H12: =InputsNZ!H12*(106/16)*12 -> 19.284163 | I12: =InputsNZ!I12*(106/16)*12 -> 7.8777389 | J12: =InputsNZ!J12*(106/16)*12 -> 25.946654 | K12: =InputsNZ!K12*(106/16)*12 -> 9.094426 | ... M12: =InputsNZ!M12*(106/16)*12 -> 12.783267
A13: 11 | B13: VMMeso Grazing | C13: (mg C m-2 d-1) | D13: =InputsNZ!D13*(106/16)*12 -> #VALUE! | E13: =InputsNZ!E13*(106/16)*12 -> #VALUE! | F13: =InputsNZ!F13*(106/16)*12 -> 30.104717 | G13: =InputsNZ!G13*(106/16)*12 -> 17.562674 | H13: =InputsNZ!H13*(106/16)*12 -> 10.517456 | I13: =InputsNZ!I13*(106/16)*12 -> 3.0720482 | J13: =InputsNZ!J13*(106/16)*12 -> 5.8410603 | K13: =InputsNZ!K13*(106/16)*12 -> 8.5067207 | ... M13: =InputsNZ!M13*(106/16)*12 -> 10.297005 | P13: =H11/SUM(H12:H15) -> 13.90799
A14: 12 | B14: Macrozoo Grazing | C14: (mg C m-2 d-1) | D14: =InputsNZ!D14*(106/16)*12 -> 2.2081613 | E14: =InputsNZ!E14*(106/16)*12 -> 2.2091656 | F14: =InputsNZ!F14*(106/16)*12 -> 2.6374248 | G14: =InputsNZ!G14*(106/16)*12 -> 6.0002054 | H14: =InputsNZ!H14*(106/16)*12 -> 0.62347372 | I14: =InputsNZ!I14*(106/16)*12 -> 0.88400355 | J14: =InputsNZ!J14*(106/16)*12 -> 0.88758287 | K14: =InputsNZ!K14*(106/16)*12 -> 1.1219613 | ... M14: =InputsNZ!M14*(106/16)*12 -> 2.0469689
A15: 13 | B15: VMMacro Grazing | C15: (mg C m-2 d-1) | D15: =InputsNZ!D15*(106/16)*12 -> 0.69964259 | E15: =InputsNZ!E15*(106/16)*12 -> 1.007289 | F15: =InputsNZ!F15*(106/16)*12 -> 1.6533816 | G15: =InputsNZ!G15*(106/16)*12 -> 3.7388265 | H15: =InputsNZ!H15*(106/16)*12 -> 0.28156963 | I15: =InputsNZ!I15*(106/16)*12 -> 0.53358678 | J15: =InputsNZ!J15*(106/16)*12 -> 0.25435066 | K15: =InputsNZ!K15*(106/16)*12 -> 0.75693646 | ... M15: =InputsNZ!M15*(106/16)*12 -> 1.0133885
A16: 14 | B16: Salp Autotroph Grazing | C16: (mg C m-2 d-1) | D16: =InputsNZ!D16*(106/16)*12 -> 211.40709 | E16: =InputsNZ!E16*(106/16)*12 -> 151.64421 | F16: =InputsNZ!F16*(106/16)*12 -> 139.74229 | G16: =InputsNZ!G16*(106/16)*12 -> 73.120528 | H16: =InputsNZ!H16*(106/16)*12 -> 1.9667716 | I16: =InputsNZ!I16*(106/16)*12 -> 2.2337472 | J16: =InputsNZ!J16*(106/16)*12 -> 126.94794 | K16: =InputsNZ!K16*(106/16)*12 -> 77.522077 | ... M16: =InputsNZ!M16*(106/16)*12 -> 1.289356
A17: 15 | B17: Salp Heterotroph Grazing | C17: (mg C m-2 d-1) | D17: =InputsNZ!D17*(106/16)*12 -> 149.97873 | E17: =InputsNZ!E17*(106/16)*12 -> 133.50763 | F17: =InputsNZ!F17*(106/16)*12 -> 59.318509 | G17: =InputsNZ!G17*(106/16)*12 -> 449.68628 | H17: =InputsNZ!H17*(106/16)*12 -> 0.59082363 | I17: =InputsNZ!I17*(106/16)*12 -> 1.0187278 | J17: =InputsNZ!J17*(106/16)*12 -> 29.193826 | K17: =InputsNZ!K17*(106/16)*12 -> 39.592688 | ... M17: =InputsNZ!M17*(106/16)*12 -> 0.07003587
A18: 16 | B18: PicoTOSalp | C18: (mg C m-2 d-1) | D18: =InputsNZ!D18*(106/16)*12 -> 5.2183389 | E18: =InputsNZ!E18*(106/16)*12 -> 2.9174206 | F18: =InputsNZ!F18*(106/16)*12 -> 5.5472591 | G18: =InputsNZ!G18*(106/16)*12 -> 12.696064 | H18: =InputsNZ!H18*(106/16)*12 -> 0.22965124 | I18: =InputsNZ!I18*(106/16)*12 -> 0.22044648 | J18: =InputsNZ!J18*(106/16)*12 -> 5.7288725 | K18: =InputsNZ!K18*(106/16)*12 -> 3.1937873 | ... M18: =InputsNZ!M18*(106/16)*12 -> 0.036270859
A19: 17 | B19: DtmTOSalp | C19: (mg C m-2 d-1) | D19: =InputsNZ!D19*(106/16)*12 -> 66.356652 | E19: =InputsNZ!E19*(106/16)*12 -> 37.103352 | F19: =InputsNZ!F19*(106/16)*12 -> 18.5499 | G19: =InputsNZ!G19*(106/16)*12 -> 42.455531 | H19: =InputsNZ!H19*(106/16)*12 -> 0.0012268153 | I19: =InputsNZ!I19*(106/16)*12 -> 0.0011779289 | J19: =InputsNZ!J19*(106/16)*12 -> 0.00072822614 | K19: =InputsNZ!K19*(106/16)*12 -> 0.00040597855 | ... M19: =InputsNZ!M19*(106/16)*12 -> 0.12251869
A20: 18 | B20: OtherTOSalp | C20: (mg C m-2 d-1) | D20: =InputsNZ!D20*(106/16)*12 -> 289.80624 | E20: =InputsNZ!E20*(106/16)*12 -> 162.02339 | F20: =InputsNZ!F20*(106/16)*12 -> 174.95581 | G20: =InputsNZ!G20*(106/16)*12 -> 400.42303 | H20: =InputsNZ!H20*(106/16)*12 -> 2.3267173 | I20: =InputsNZ!I20*(106/16)*12 -> 2.2334591 | J20: =InputsNZ!J20*(106/16)*12 -> 150.41216 | K20: =InputsNZ!K20*(106/16)*12 -> 83.853224 | ... M20: =InputsNZ!M20*(106/16)*12 -> 1.1324201
A21: 19 | B21: Salp Fecal Pellet Production | C21: (mg C m-2 d-1) | D21: =InputsNZ!D21*(106/16)*12 -> 76.106552 | E21: =InputsNZ!E21*(106/16)*12 -> 54.591915 | F21: =InputsNZ!F21*(106/16)*12 -> 50.307224 | G21: =InputsNZ!G21*(106/16)*12 -> 26.32339 | H21: =InputsNZ!H21*(106/16)*12 -> 0.70803779 | I21: =InputsNZ!I21*(106/16)*12 -> 0.804149 | J21: =InputsNZ!J21*(106/16)*12 -> 45.701258 | K21: =InputsNZ!K21*(106/16)*12 -> 27.907948 | ... M21: =InputsNZ!M21*(106/16)*12 -> 0.46416816
A22: 20 | B22: Bacterial Production | C22: (mg C m-2 d-1) | D22: =InputsNZ!D22*(106/16)*12 -> 61.09686 | E22: =InputsNZ!E22*(106/16)*12 -> 12.320791 | F22: =InputsNZ!F22*(106/16)*12 -> 40.700714 | G22: =InputsNZ!G22*(106/16)*12 -> 14.092662 | H22: =InputsNZ!H22*(106/16)*12 -> 65.264061 | I22: =InputsNZ!I22*(106/16)*12 -> 14.823936 | J22: =InputsNZ!J22*(106/16)*12 -> 58.09311 | K22: =InputsNZ!K22*(106/16)*12 -> 15.888828 | ... M22: =InputsNZ!M22*(106/16)*12 -> 8.3937094
A23: 21 | B23: Myct Scaled Meso Consumption | C23: (mg C m-2 d-1) | D23: =InputsNZ!#REF!*(106/16)*12 -> #REF! | E23: =InputsNZ!#REF!*(106/16)*12 -> #REF! | F23: =InputsNZ!#REF!*(106/16)*12 -> #REF! | G23: =InputsNZ!#REF!*(106/16)*12 -> #REF! | H23: =InputsNZ!#REF!*(106/16)*12 -> #REF! | I23: =InputsNZ!#REF!*(106/16)*12 -> #REF! | J23: =InputsNZ!#REF!*(106/16)*12 -> #REF! | K23: =InputsNZ!#REF!*(106/16)*12 -> #REF! | ... M23: =InputsNZ!#REF!*(106/16)*12 -> #REF!
A24: 22 | B24: Myct Scaled VMMeso Consumption | C24: (mg C m-2 d-1) | D24: =InputsNZ!#REF!*(106/16)*12 -> #REF! | E24: =InputsNZ!#REF!*(106/16)*12 -> #REF! | F24: =InputsNZ!#REF!*(106/16)*12 -> #REF! | G24: =InputsNZ!#REF!*(106/16)*12 -> #REF! | H24: =InputsNZ!#REF!*(106/16)*12 -> #REF! | I24: =InputsNZ!#REF!*(106/16)*12 -> #REF! | J24: =InputsNZ!#REF!*(106/16)*12 -> #REF! | K24: =InputsNZ!#REF!*(106/16)*12 -> #REF! | ... M24: =InputsNZ!#REF!*(106/16)*12 -> #REF!
A25: 23 | B25: Myct Scaled Macro Consumption | C25: (mg C m-2 d-1) | D25: =InputsNZ!#REF!*(106/16)*12 -> #REF! | E25: =InputsNZ!#REF!*(106/16)*12 -> #REF! | F25: =InputsNZ!#REF!*(106/16)*12 -> #REF! | G25: =InputsNZ!#REF!*(106/16)*12 -> #REF! | H25: =InputsNZ!#REF!*(106/16)*12 -> #REF! | I25: =InputsNZ!#REF!*(106/16)*12 -> #REF! | J25: =InputsNZ!#REF!*(106/16)*12 -> #REF! | K25: =InputsNZ!#REF!*(106/16)*12 -> #REF! | ... M25: =InputsNZ!#REF!*(106/16)*12 -> #REF!
A26: 24 | B26: Myct Scaled VMMacro Consumption | C26: (mg C m-2 d-1) | D26: =InputsNZ!#REF!*(106/16)*12 -> #REF! | E26: =InputsNZ!#REF!*(106/16)*12 -> #REF! | F26: =InputsNZ!#REF!*(106/16)*12 -> #REF! | G26: =InputsNZ!#REF!*(106/16)*12 -> #REF! | H26: =InputsNZ!#REF!*(106/16)*12 -> #REF! | I26: =InputsNZ!#REF!*(106/16)*12 -> #REF! | J26: =InputsNZ!#REF!*(106/16)*12 -> #REF! | K26: =InputsNZ!#REF!*(106/16)*12 -> #REF! | ... M26: =InputsNZ!#REF!*(106/16)*12 -> #REF!
A27: 25 | B27: Myct Scaled Amph Consumption | C27: (mg C m-2 d-1) | D27: =InputsNZ!#REF!*(106/16)*12 -> #REF! | E27: =InputsNZ!#REF!*(106/16)*12 -> #REF! | F27: =InputsNZ!#REF!*(106/16)*12 -> #REF! | G27: =InputsNZ!#REF!*(106/16)*12 -> #REF! | H27: =InputsNZ!#REF!*(106/16)*12 -> #REF! | I27: =InputsNZ!#REF!*(106/16)*12 -> #REF! | J27: =InputsNZ!#REF!*(106/16)*12 -> #REF! | K27: =InputsNZ!#REF!*(106/16)*12 -> #REF! | ... M27: =InputsNZ!#REF!*(106/16)*12 -> #REF!
A28: 26 | B28: Myct Scaled Salp Consumption | C28: (mg C m-2 d-1) | D28: =InputsNZ!#REF!*(106/16)*12 -> #REF! | E28: =InputsNZ!#REF!*(106/16)*12 -> #REF! | F28: =InputsNZ!#REF!*(106/16)*12 -> #REF! | G28: =InputsNZ!#REF!*(106/16)*12 -> #REF! | H28: =InputsNZ!#REF!*(106/16)*12 -> #REF! | I28: =InputsNZ!#REF!*(106/16)*12 -> #REF! | J28: =InputsNZ!#REF!*(106/16)*12 -> #REF! | K28: =InputsNZ!#REF!*(106/16)*12 -> #REF! | ... M28: =InputsNZ!#REF!*(106/16)*12 -> #REF!
A29: 27 | B29: Myct Scaled Gel Consumption | C29: (mg C m-2 d-1) | D29: =InputsNZ!#REF!*(106/16)*12 -> #REF! | E29: =InputsNZ!#REF!*(106/16)*12 -> #REF! | F29: =InputsNZ!#REF!*(106/16)*12 -> #REF! | G29: =InputsNZ!#REF!*(106/16)*12 -> #REF! | H29: =InputsNZ!#REF!*(106/16)*12 -> #REF! | I29: =InputsNZ!#REF!*(106/16)*12 -> #REF! | J29: =InputsNZ!#REF!*(106/16)*12 -> #REF! | K29: =InputsNZ!#REF!*(106/16)*12 -> #REF! | ... M29: =InputsNZ!#REF!*(106/16)*12 -> #REF!
A30: 28 | B30: PiscivFish Scaled Myct Consumption | C30: (mg C m-2 d-1) | D30: =InputsNZ!#REF!*(106/16)*12 -> #REF! | E30: =InputsNZ!#REF!*(106/16)*12 -> #REF! | F30: =InputsNZ!#REF!*(106/16)*12 -> #REF! | G30: =InputsNZ!#REF!*(106/16)*12 -> #REF! | H30: =InputsNZ!#REF!*(106/16)*12 -> #REF! | I30: =InputsNZ!#REF!*(106/16)*12 -> #REF! | J30: =InputsNZ!#REF!*(106/16)*12 -> #REF! | K30: =InputsNZ!#REF!*(106/16)*12 -> #REF! | ... M30: =InputsNZ!#REF!*(106/16)*12 -> #REF!
A31: 29 | B31: PiscivFish Scaled Macro Consumption | C31: (mg C m-2 d-1) | D31: =InputsNZ!#REF!*(106/16)*12 -> #REF! | E31: =InputsNZ!#REF!*(106/16)*12 -> #REF! | F31: =InputsNZ!#REF!*(106/16)*12 -> #REF! | G31: =InputsNZ!#REF!*(106/16)*12 -> #REF! | H31: =InputsNZ!#REF!*(106/16)*12 -> #REF! | I31: =InputsNZ!#REF!*(106/16)*12 -> #REF! | J31: =InputsNZ!#REF!*(106/16)*12 -> #REF! | K31: =InputsNZ!#REF!*(106/16)*12 -> #REF! | ... M31: =InputsNZ!#REF!*(106/16)*12 -> #REF!
A32: 30 | B32: PiscivFish Scaled VMMacro Consumption | C32: (mg C m-2 d-1) | D32: =InputsNZ!#REF!*(106/16)*12 -> #REF! | E32: =InputsNZ!#REF!*(106/16)*12 -> #REF! | F32: =InputsNZ!#REF!*(106/16)*12 -> #REF! | G32: =InputsNZ!#REF!*(106/16)*12 -> #REF! | H32: =InputsNZ!#REF!*(106/16)*12 -> #REF! | I32: =InputsNZ!#REF!*(106/16)*12 -> #REF! | J32: =InputsNZ!#REF!*(106/16)*12 -> #REF! | K32: =InputsNZ!#REF!*(106/16)*12 -> #REF! | ... M32: =InputsNZ!#REF!*(106/16)*12 -> #REF!
A33: 31 | B33: PiscivFish Scaled Amph Consumption | C33: (mg C m-2 d-1) | D33: =InputsNZ!#REF!*(106/16)*12 -> #REF! | E33: =InputsNZ!#REF!*(106/16)*12 -> #REF! | F33: =InputsNZ!#REF!*(106/16)*12 -> #REF! | G33: =InputsNZ!#REF!*(106/16)*12 -> #REF! | H33: =InputsNZ!#REF!*(106/16)*12 -> #REF! | I33: =InputsNZ!#REF!*(106/16)*12 -> #REF! | J33: =InputsNZ!#REF!*(106/16)*12 -> #REF! | K33: =InputsNZ!#REF!*(106/16)*12 -> #REF! | ... M33: =InputsNZ!#REF!*(106/16)*12 -> #REF!
A34: 32 | B34: GelativFish Scaled Salp Consumption | C34: (mg C m-2 d-1) | D34: =InputsNZ!#REF!*(106/16)*12 -> #REF! | E34: =InputsNZ!#REF!*(106/16)*12 -> #REF! | F34: =InputsNZ!#REF!*(106/16)*12 -> #REF! | G34: =InputsNZ!#REF!*(106/16)*12 -> #REF! | H34: =InputsNZ!#REF!*(106/16)*12 -> #REF! | I34: =InputsNZ!#REF!*(106/16)*12 -> #REF! | J34: =InputsNZ!#REF!*(106/16)*12 -> #REF! | K34: =InputsNZ!#REF!*(106/16)*12 -> #REF! | ... M34: =InputsNZ!#REF!*(106/16)*12 -> #REF!
A35: 33 | B35: GelativFish Scaled Gel Consumption | C35: (mg C m-2 d-1) | D35: =InputsNZ!#REF!*(106/16)*12 -> #REF! | E35: =InputsNZ!#REF!*(106/16)*12 -> #REF! | F35: =InputsNZ!#REF!*(106/16)*12 -> #REF! | G35: =InputsNZ!#REF!*(106/16)*12 -> #REF! | H35: =InputsNZ!#REF!*(106/16)*12 -> #REF! | I35: =InputsNZ!#REF!*(106/16)*12 -> #REF! | J35: =InputsNZ!#REF!*(106/16)*12 -> #REF! | K35: =InputsNZ!#REF!*(106/16)*12 -> #REF! | ... M35: =InputsNZ!#REF!*(106/16)*12 -> #REF!
A37: Inequality Inputs
A38: 1 | B38: Temperature (0-70) | C38: deg C | D38: 10.240493 | E38: 0.5896211 | F38: 9.897492 | G38: 0.4112118 | H38: 13.090224 | I38: 0.3273925 | J38: 12.122057 | K38: 0.5916513 | L38: 10.688394 | M38: 0.5750481
A39: 2 | B39: Temperature (200) | C39: deg C | D39: 9.397415 | F39: 7.915702 | H39: 11.465439 | J39: 9.652742 | L39: 7.9416
A40: 3 | B40: Temperature (bottom 100) | C40: deg C | D40: 5.73695 | F40: 2.882 | H40: 4.9304 | J40: 8.341335 | L40: 1.8084
A41: 4 | B41: Bottom Depth | C41: m | D41: 884.2632 | F41: 1501.6923 | H41: 1046.5 | J41: 449.5 | L41: 2635.1
A42: 5 | B42: Salp FP Flux | C42: (mg C m-2 d-1) | D42: =InputsNZ!D48*(106/16)*12 -> 25.962124 | E42: =InputsNZ!E48*(106/16)*12 -> 13.068095 | F42: =InputsNZ!F48*(106/16)*12 -> 24.681551 | G42: =InputsNZ!G48*(106/16)*12 -> 6.2454246 | H42: =InputsNZ!H48*(106/16)*12 -> 0.58164248 | I42: =InputsNZ!I48*(106/16)*12 -> 0.56070477 | J42: =InputsNZ!J48*(106/16)*12 -> 37.675504 | K42: =InputsNZ!K48*(106/16)*12 -> 12.836174 | ... M42: =InputsNZ!M48*(106/16)*12 -> 0.04861555
A43: 6 | B43: Pico Biomass | C43: (mg C m-2) | D43: =InputsNZ!D49*(106/16)*12 -> 193.37184 | F43: =InputsNZ!F49*(106/16)*12 -> 296.16168 | H43: =InputsNZ!H49*(106/16)*12 -> 384.66617 | J43: =InputsNZ!J49*(106/16)*12 -> 110.81727 | L43: =InputsNZ!L49*(106/16)*12 -> 685.09781
A44: 7 | B44: Diatom Biomass | C44: (mg C m-2) | D44: =InputsNZ!D50*(106/16)*12 -> 673.49471 | F44: =InputsNZ!F50*(106/16)*12 -> 89.298172 | H44: =InputsNZ!H50*(106/16)*12 -> 40.736162 | J44: =InputsNZ!J50*(106/16)*12 -> 28.042283 | L44: =InputsNZ!L50*(106/16)*12 -> 37.345668
A45: 8 | B45: Flag Biomass | C45: (mg C m-2) | D45: =InputsNZ!D51*(106/16)*12 -> 425.945 | F45: =InputsNZ!F51*(106/16)*12 -> 274.89126 | H45: =InputsNZ!H51*(106/16)*12 -> 341.44417 | J45: =InputsNZ!J51*(106/16)*12 -> 313.27654 | L45: =InputsNZ!L51*(106/16)*12 -> 241.74715
A46: 9 | B46: HNF Biomass | C46: (mg C m-2) | D46: =InputsNZ!D52*(106/16)*12 -> 72.186731 | F46: =InputsNZ!F52*(106/16)*12 -> 88.788444 | H46: =InputsNZ!H52*(106/16)*12 -> 160.76738 | J46: =InputsNZ!J52*(106/16)*12 -> 139.80214 | L46: =InputsNZ!L52*(106/16)*12 -> 65.149319
A47: 10 | B47: MIC Biomass | C47: (mg C m-2) | D47: =InputsNZ!D53*(106/16)*12 -> 83.644271 | F47: =InputsNZ!F53*(106/16)*12 -> 16.612851 | H47: =InputsNZ!H53*(106/16)*12 -> 21.220129 | J47: =InputsNZ!J53*(106/16)*12 -> 184.98604 | L47: =InputsNZ!L53*(106/16)*12 -> 44.026255
A48: 11 | B48: Meso Daytime Biomass | C48: (mg C m-2) | D48: =InputsNZ!D54*(106/16)*12 -> 788.14543 | E48: =InputsNZ!E54*(106/16)*12 -> 129.98065 | F48: =InputsNZ!F54*(106/16)*12 -> 381.54491 | G48: =InputsNZ!G54*(106/16)*12 -> 0.7258474 | H48: =InputsNZ!H54*(106/16)*12 -> 1079.3121 | I48: =InputsNZ!I54*(106/16)*12 -> 576.94656 | J48: =InputsNZ!J54*(106/16)*12 -> 525.62959 | K48: =InputsNZ!K54*(106/16)*12 -> 152.5298 | ... M48: =InputsNZ!M54*(106/16)*12 -> 50.202191
A49: 12 | B49: Meso Nighttime Biomass | C49: (mg C m-2) | D49: =InputsNZ!D55*(106/16)*12 -> 671.34006 | E49: =InputsNZ!E55*(106/16)*12 -> 13.927004 | F49: =InputsNZ!F55*(106/16)*12 -> 1628.6543 | G49: =InputsNZ!G55*(106/16)*12 -> 407.75695 | H49: =InputsNZ!H55*(106/16)*12 -> 2341.0294 | I49: =InputsNZ!I55*(106/16)*12 -> 418.09609 | J49: =InputsNZ!J55*(106/16)*12 -> 899.75421 | K49: =InputsNZ!K55*(106/16)*12 -> 518.30754 | ... M49: =InputsNZ!M55*(106/16)*12 -> 264.58355
A50: 13 | B50: Macro Daytime Biomass | C50: (mg C m-2) | D50: =InputsNZ!D56*(106/16)*12 -> 19.043756 | E50: =InputsNZ!E56*(106/16)*12 -> 26.931937 | F50: =InputsNZ!F56*(106/16)*12 -> 62.88136 | G50: =InputsNZ!G56*(106/16)*12 -> 59.018812 | H50: =InputsNZ!H56*(106/16)*12 -> 37.27782 | I50: =InputsNZ!I56*(106/16)*12 -> 31.608612 | J50: =InputsNZ!J56*(106/16)*12 -> 18.455043 | K50: =InputsNZ!K56*(106/16)*12 -> 10.412902 | ... M50: =InputsNZ!M56*(106/16)*12 -> 68.324574
A51: 14 | B51: Macro Nighttime Biomass | C51: (mg C m-2) | D51: =InputsNZ!D57*(106/16)*12 -> 328.48665 | E51: =InputsNZ!E57*(106/16)*12 -> 208.32851 | F51: =InputsNZ!F57*(106/16)*12 -> 311.35041 | G51: =InputsNZ!G57*(106/16)*12 -> 228.67238 | H51: =InputsNZ!H57*(106/16)*12 -> 217.54893 | I51: =InputsNZ!I57*(106/16)*12 -> 28.38654 | J51: =InputsNZ!J57*(106/16)*12 -> 117.77201 | K51: =InputsNZ!K57*(106/16)*12 -> 49.798554 | ... M51: =InputsNZ!M57*(106/16)*12 -> 42.177986
A52: 15 | B52: Amph Biomass | C52: (mg C m-2) | D52: =InputsNZ!D58*(106/16)*12 -> 25.614372 | F52: =InputsNZ!F58*(106/16)*12 -> 1.0570205 | H52: =InputsNZ!H58*(106/16)*12 -> 0.02833533 | J52: =InputsNZ!J58*(106/16)*12 -> 2.6748558 | L52: =InputsNZ!L58*(106/16)*12 -> 25.705293
A53: 16 | B53: Gel Biomass | C53: (mg C m-2) | D53: =InputsNZ!D59*(106/16)*12 -> 2.8863993 | F53: =InputsNZ!F59*(106/16)*12 -> 123.72831 | H53: =InputsNZ!H59*(106/16)*12 -> 3.1916424 | J53: =InputsNZ!J59*(106/16)*12 -> 8.5635452 | L53: =InputsNZ!L59*(106/16)*12 -> 6.2192544
A54: 17 | B54: Salp Daytime Biomass | C54: (mg C m-2) | D54: =InputsNZ!D60*(106/16)*12 -> 817.28421 | E54: =InputsNZ!E60*(106/16)*12 -> 674.25893 | F54: =InputsNZ!F60*(106/16)*12 -> 279.15601 | G54: =InputsNZ!G60*(106/16)*12 -> 260.64469 | H54: =InputsNZ!H60*(106/16)*12 -> 5.9702606 | I54: =InputsNZ!I60*(106/16)*12 -> 7.4495547 | J54: =InputsNZ!J60*(106/16)*12 -> 606.75572 | K54: =InputsNZ!K60*(106/16)*12 -> 688.07432 | ... M54: =InputsNZ!M60*(106/16)*12 -> 0.3447981
A55: 18 | B55: Salp Nighttime Biomass | C55: (mg C m-2) | D55: =InputsNZ!D61*(106/16)*12 -> 2006.8059 | E55: =InputsNZ!E61*(106/16)*12 -> 1439.0118 | F55: =InputsNZ!F61*(106/16)*12 -> 1021.8572 | G55: =InputsNZ!G61*(106/16)*12 -> 1236.0624 | H55: =InputsNZ!H61*(106/16)*12 -> 9.5990046 | I55: =InputsNZ!I61*(106/16)*12 -> 14.308131 | J55: =InputsNZ!J61*(106/16)*12 -> 1349.36 | K55: =InputsNZ!K61*(106/16)*12 -> 937.06985 | ... M55: =InputsNZ!M61*(106/16)*12 -> 12.488349
A56: 19 | B56: Myct Biomass | C56: (mg C m-2) | D56: =InputsNZ!D62*(106/16)*12 -> 425.71597 | F56: =InputsNZ!F62*(106/16)*12 -> 424.76796 | H56: =InputsNZ!H62*(106/16)*12 -> 353.86202 | J56: =InputsNZ!J62*(106/16)*12 -> 327.26485 | L56: =InputsNZ!L62*(106/16)*12 -> 144.5344
A57: 20 | B57: PiscivFish Biomass | C57: (mg C m-2) | D57: =InputsNZ!D63*(106/16)*12 -> 123.84681 | F57: =InputsNZ!F63*(106/16)*12 -> 109.7688 | H57: =InputsNZ!H63*(106/16)*12 -> 86.956517 | J57: =InputsNZ!J63*(106/16)*12 -> 69.878994 | L57: =InputsNZ!L63*(106/16)*12 -> 28.176108
A58: 21 | B58: GelativFish Biomass | C58: (mg C m-2) | D58: =InputsNZ!D64*(106/16)*12 -> 1463.056 | F58: =InputsNZ!F64*(106/16)*12 -> 833.98624 | H58: =InputsNZ!H64*(106/16)*12 -> 9.311591 | J58: =InputsNZ!J64*(106/16)*12 -> 988.56834 | L58: =InputsNZ!L64*(106/16)*12 -> 8.7286159
A59: 22 | B59: HNF Size | C59: (um3) | D59: 555.38994 | F59: 384.6628 | H59: 317.0839 | J59: 235.54478 | L59: 354.50234
A60: 23 | B60: Flag Size | C60: (um3) | D60: 1679.9188 | F60: 524.29392 | H60: 436.08202 | J60: 308.87667 | L60: 627.7901
A61: 24 | B61: Micro Size | C61: (um3) | D61: 11749.865 | F61: 8239.832 | H61: 10570.128 | J61: 23363.78 | L61: 11056.736
A62: 25 | B62: Meso Size | C62: (mg C ind-1) | D62: 0.007564 | F62: 0.007564 | H62: 0.007564 | J62: 0.007564 | L62: 0.007564
A63: 26 | B63: Macro Size | C63: (mg C ind-1) | D63: 0.468875 | F63: 0.468875 | H63: 0.468875 | J63: 0.468875 | L63: 0.468875
A64: 27 | B64: Amph Size | C64: (mg C ind-1) | D64: 0.9618686 | F64: 0.548151 | H64: 0.0281221 | J64: 0.7565458 | L64: 1.701548
A65: 28 | B65: GelPred Size | C65: (mg C ind-1) | D65: 0.0121023 | F65: 0.5187769 | H65: 0.01338215 | J65: 0.03590586 | L65: 0.02607654
A66: 29 | B66: Myct Size | C66: (mg WW ind-1) | D66: 1300 | F66: 1300 | H66: 1300 | J66: 1300 | L66: 1300
A67: 30 | B67: PiscivFish Size | C67: (mg WW ind-1) | D67: 892000 | F67: 892000 | H67: 892000 | J67: 892000 | L67: 892000
A68: 31 | B68: GelativFish Size | C68: (mg WW ind-1) | D68: 1257660 | F68: 1257660 | H68: 1257660 | J68: 1257660 | L68: 1257660
A69: 32 | B69: Salp Basal Respiration | C69: (mg C m-2 d-1) | D69: =InputsNZ!D76*(106/16)*12 -> 83.501993 | F69: =InputsNZ!F76*(106/16)*12 -> 38.628643 | H69: =InputsNZ!H76*(106/16)*12 -> 0.51524731 | J69: =InputsNZ!J76*(106/16)*12 -> 63.003358 | L69: =InputsNZ!L76*(106/16)*12 -> 0.22757759
A71: δ15N Values
A72: 1 | B72: Shallow SedTrap | C72: δ 15NAIR (‰) | D72: 3.5960812 | E72: 0.38050683 | F72: 0.57160202 | G72: 0.23901983 | H72: 6.9638938 | I72: 0.14862613 | J72: 6.9932794 | K72: 0.36404257 | L72: 3.9811394 | M72: 2.18583
A73: 2 | B73: PON | C73: δ 15NAIR (‰)
A74: 3 | B74: Meso | C74: δ 15NAIR (‰) | D74: 6.534452 | E74: 0.7506496 | F74: 4.013099 | G74: 0.6753015 | H74: 9.131342 | I74: 0.4502469 | J74: 9.731341 | K74: 0.3558062 | L74: 4.515234 | M74: 0.3374372
A75: 4 | B75: Macro | C75: δ 15NAIR (‰) | D75: 6.095181 | E75: 1.4836384 | F75: 4.433093 | G75: 0.7529901 | H75: 8.993213 | I75: 0.5743025 | J75: 10.505179 | K75: 0.3846145 | L75: 6.581057 | M75: 1.1969808
A76: 5 | B76: Salp | C76: δ 15NAIR (‰) | D76: 2.78 | E76: 1.33 | F76: 1.13 | G76: 0.55 | H76: NaN | I76: NaN | J76: 7.75 | K76: 0.47 | L76: NaN | M76: NaN

Sheet Sheet3
B1: units | C1: Cycle 1 | D1: σ | E1: Cycle 2 | F1: σ | G1: Cycle 3 | H1: σ | I1: Cycle 4 | J1: σ | K1: Cycle 5 | L1: σ
A2: NPP (14C) | B2: (mg C m-2 d-1) | C2: =ROUND(InputsNZ_C!D3,1) -> 554.5 | D2: =ROUND(InputsNZ_C!E3,1) -> 167.4 | E2: =ROUND(InputsNZ_C!F3,1) -> 321.4 | F2: =ROUND(InputsNZ_C!G3,1) -> 62.2 | G2: =ROUND(InputsNZ_C!H3,1) -> 781 | H2: =ROUND(InputsNZ_C!I3,1) -> 361.8 | I2: =ROUND(InputsNZ_C!J3,1) -> 452.3 | J2: =ROUND(InputsNZ_C!K3,1) -> 102.1 | ... L2: =ROUND(InputsNZ_C!M3,1) -> 30.4
A3: SedTrap Flux (shallow) | B3: (mg C m-2 d-1) | C3: =ROUND(InputsNZ_C!D4,1) -> 77.8 | D3: =ROUND(InputsNZ_C!E4,1) -> 15.9 | E3: =ROUND(InputsNZ_C!F4,1) -> 129.9 | F3: =ROUND(InputsNZ_C!G4,1) -> 4.5 | G3: =ROUND(InputsNZ_C!H4,1) -> 37.3 | H3: =ROUND(InputsNZ_C!I4,1) -> 2.4 | I3: =ROUND(InputsNZ_C!J4,1) -> 142.2 | J3: =ROUND(InputsNZ_C!K4,1) -> 47.4 | ... L3: =ROUND(InputsNZ_C!M4,1) -> 14.4
A4: Pico NPP | B4: (mg C m-2 d-1) | C4: =ROUND(InputsNZ_C!D5,1) -> 169 | D4: =ROUND(InputsNZ_C!E5,1) -> 121.6 | E4: =ROUND(InputsNZ_C!F5,1) -> 245.4 | F4: =ROUND(InputsNZ_C!G5,1) -> 73 | G4: =ROUND(InputsNZ_C!H5,1) -> 515.9 | H4: =ROUND(InputsNZ_C!I5,1) -> 378.2 | I4: =ROUND(InputsNZ_C!J5,1) -> 274.8 | J4: =ROUND(InputsNZ_C!K5,1) -> 177.7 | ... L4: =ROUND(InputsNZ_C!M5,1) -> 302.8
A5: Flag NPP | B5: (mg C m-2 d-1) | C5: =ROUND(InputsNZ_C!D6,1) -> 131.2 | D5: =ROUND(InputsNZ_C!E6,1) -> 66.4 | E5: =ROUND(InputsNZ_C!F6,1) -> 27.5 | F5: =ROUND(InputsNZ_C!G6,1) -> 39.8 | G5: =ROUND(InputsNZ_C!H6,1) -> 216 | H5: =ROUND(InputsNZ_C!I6,1) -> 265.6 | I5: =ROUND(InputsNZ_C!J6,1) -> 157.8 | J5: =ROUND(InputsNZ_C!K6,1) -> 157.1 | ... L5: =ROUND(InputsNZ_C!M6,1) -> 271.2
A6: Diatom NPP | B6: (mg C m-2 d-1) | C6: =ROUND(InputsNZ_C!D7,1) -> 254.3 | D6: =ROUND(InputsNZ_C!E7,1) -> 162.1 | E6: =ROUND(InputsNZ_C!F7,1) -> 28.7 | F6: =ROUND(InputsNZ_C!G7,1) -> 18.6 | G6: =ROUND(InputsNZ_C!H7,1) -> 49.1 | H6: =ROUND(InputsNZ_C!I7,1) -> 44.7 | I6: =ROUND(InputsNZ_C!J7,1) -> 19.7 | J6: =ROUND(InputsNZ_C!K7,1) -> 12.3 | ... L6: =ROUND(InputsNZ_C!M7,1) -> 17.1
A7: Picophyto Mortality | B7: (mg C m-2 d-1) | C7: =ROUND(InputsNZ_C!D8,1) -> 77 | D7: =ROUND(InputsNZ_C!E8,1) -> 61.6 | E7: =ROUND(InputsNZ_C!F8,1) -> 150.2 | F7: =ROUND(InputsNZ_C!G8,1) -> 58.1 | G7: =ROUND(InputsNZ_C!H8,1) -> 277.9 | H7: =ROUND(InputsNZ_C!I8,1) -> 199.9 | I7: =ROUND(InputsNZ_C!J8,1) -> 168.5 | J7: =ROUND(InputsNZ_C!K8,1) -> 102.8 | ... L7: =ROUND(InputsNZ_C!M8,1) -> 74.4
A8: Flagellate Mortality | B8: (mg C m-2 d-1) | C8: =ROUND(InputsNZ_C!D9,1) -> 74 | D8: =ROUND(InputsNZ_C!E9,1) -> 83.7 | E8: =ROUND(InputsNZ_C!F9,1) -> 38.5 | F8: =ROUND(InputsNZ_C!G9,1) -> 42.5 | G8: =ROUND(InputsNZ_C!H9,1) -> 125.1 | H8: =ROUND(InputsNZ_C!I9,1) -> 141.9 | I8: =ROUND(InputsNZ_C!J9,1) -> 182.5 | J8: =ROUND(InputsNZ_C!K9,1) -> 114.3 | ... L8: =ROUND(InputsNZ_C!M9,1) -> 188.2
A9: Diatom Mortality | B9: (mg C m-2 d-1) | C9: =ROUND(InputsNZ_C!D10,1) -> 128 | D9: =ROUND(InputsNZ_C!E10,1) -> 90.8 | E9: =ROUND(InputsNZ_C!F10,1) -> 6.6 | F9: =ROUND(InputsNZ_C!G10,1) -> 2.8 | G9: =ROUND(InputsNZ_C!H10,1) -> 24.1 | H9: =ROUND(InputsNZ_C!I10,1) -> 21.2 | I9: =ROUND(InputsNZ_C!J10,1) -> 14.9 | J9: =ROUND(InputsNZ_C!K10,1) -> 9.6 | ... L9: =ROUND(InputsNZ_C!M10,1) -> 10.7
A10: Protistan Grazing Rate (14C) | B10: (mg C m-2 d-1) | C10: =ROUND(InputsNZ_C!D11,1) -> 279 | D10: =ROUND(InputsNZ_C!E11,1) -> 100.6 | E10: =ROUND(InputsNZ_C!F11,1) -> 214.1 | F10: =ROUND(InputsNZ_C!G11,1) -> 48.5 | G10: =ROUND(InputsNZ_C!H11,1) -> 427.1 | H10: =ROUND(InputsNZ_C!I11,1) -> 236.5 | I10: =ROUND(InputsNZ_C!J11,1) -> 365.9 | J10: =ROUND(InputsNZ_C!K11,1) -> 173.1 | ... L10: =ROUND(InputsNZ_C!M11,1) -> 68.9
A11: Mesozoo Grazing | B11: (mg C m-2 d-1) | C11: =ROUND(InputsNZ_C!D12,1) -> 72.3 | D11: =ROUND(InputsNZ_C!E12,1) -> 14.7 | E11: =ROUND(InputsNZ_C!F12,1) -> 55.5 | F11: =ROUND(InputsNZ_C!G12,1) -> 26.3 | G11: =ROUND(InputsNZ_C!H12,1) -> 19.3 | H11: =ROUND(InputsNZ_C!I12,1) -> 7.9 | I11: =ROUND(InputsNZ_C!J12,1) -> 25.9 | J11: =ROUND(InputsNZ_C!K12,1) -> 9.1 | ... L11: =ROUND(InputsNZ_C!M12,1) -> 12.8
A12: VMMeso Grazing | B12: (mg C m-2 d-1) | C12: NA | D12: NA | E12: =ROUND(InputsNZ_C!F13,1) -> 30.1 | F12: =ROUND(InputsNZ_C!G13,1) -> 17.6 | G12: =ROUND(InputsNZ_C!H13,1) -> 10.5 | H12: =ROUND(InputsNZ_C!I13,1) -> 3.1 | I12: =ROUND(InputsNZ_C!J13,1) -> 5.8 | J12: =ROUND(InputsNZ_C!K13,1) -> 8.5 | K12: =ROUND(InputsNZ_C!L13,1) -> 16.7 | L12: =ROUND(InputsNZ_C!M13,1) -> 10.3
A13: Macrozoo Grazing | B13: (mg C m-2 d-1) | C13: =ROUND(InputsNZ_C!D14,1) -> 2.2 | D13: =ROUND(InputsNZ_C!E14,1) -> 2.2 | E13: =ROUND(InputsNZ_C!F14,1) -> 2.6 | F13: =ROUND(InputsNZ_C!G14,1) -> 6 | G13: =ROUND(InputsNZ_C!H14,1) -> 0.6 | H13: =ROUND(InputsNZ_C!I14,1) -> 0.9 | I13: =ROUND(InputsNZ_C!J14,1) -> 0.9 | J13: =ROUND(InputsNZ_C!K14,1) -> 1.1 | ... L13: =ROUND(InputsNZ_C!M14,1) -> 2
A14: VMMacro Grazing | B14: (mg C m-2 d-1) | C14: =ROUND(InputsNZ_C!D15,1) -> 0.7 | D14: =ROUND(InputsNZ_C!E15,1) -> 1 | E14: =ROUND(InputsNZ_C!F15,1) -> 1.7 | F14: =ROUND(InputsNZ_C!G15,1) -> 3.7 | G14: =ROUND(InputsNZ_C!H15,1) -> 0.3 | H14: =ROUND(InputsNZ_C!I15,1) -> 0.5 | I14: =ROUND(InputsNZ_C!J15,1) -> 0.3 | J14: =ROUND(InputsNZ_C!K15,1) -> 0.8 | ... L14: =ROUND(InputsNZ_C!M15,1) -> 1
A15: Salp Autotroph Grazing | B15: (mg C m-2 d-1) | C15: =ROUND(InputsNZ_C!D16,1) -> 211.4 | D15: =ROUND(InputsNZ_C!E16,1) -> 151.6 | E15: =ROUND(InputsNZ_C!F16,1) -> 139.7 | F15: =ROUND(InputsNZ_C!G16,1) -> 73.1 | G15: =ROUND(InputsNZ_C!H16,1) -> 2 | H15: =ROUND(InputsNZ_C!I16,1) -> 2.2 | I15: =ROUND(InputsNZ_C!J16,1) -> 126.9 | J15: =ROUND(InputsNZ_C!K16,1) -> 77.5 | ... L15: =ROUND(InputsNZ_C!M16,1) -> 1.3
A16: Salp Heterotroph Grazing | B16: (mg C m-2 d-1) | C16: =ROUND(InputsNZ_C!D17,1) -> 150 | D16: =ROUND(InputsNZ_C!E17,1) -> 133.5 | E16: =ROUND(InputsNZ_C!F17,1) -> 59.3 | F16: =ROUND(InputsNZ_C!G17,1) -> 449.7 | G16: =ROUND(InputsNZ_C!H17,1) -> 0.6 | H16: =ROUND(InputsNZ_C!I17,1) -> 1 | I16: =ROUND(InputsNZ_C!J17,1) -> 29.2 | J16: =ROUND(InputsNZ_C!K17,1) -> 39.6 | ... L16: =ROUND(InputsNZ_C!M17,1) -> 0.1
A17: PicoTOSalp | B17: (mg C m-2 d-1) | C17: =ROUND(InputsNZ_C!D18,1) -> 5.2 | D17: =ROUND(InputsNZ_C!E18,1) -> 2.9 | E17: =ROUND(InputsNZ_C!F18,1) -> 5.5 | F17: =ROUND(InputsNZ_C!G18,1) -> 12.7 | G17: =ROUND(InputsNZ_C!H18,1) -> 0.2 | H17: =ROUND(InputsNZ_C!I18,1) -> 0.2 | I17: =ROUND(InputsNZ_C!J18,1) -> 5.7 | J17: =ROUND(InputsNZ_C!K18,1) -> 3.2 | ... L17: =ROUND(InputsNZ_C!M18,1) -> 0
A18: DtmTOSalp | B18: (mg C m-2 d-1) | C18: =ROUND(InputsNZ_C!D19,1) -> 66.4 | D18: =ROUND(InputsNZ_C!E19,1) -> 37.1 | E18: =ROUND(InputsNZ_C!F19,1) -> 18.5 | F18: =ROUND(InputsNZ_C!G19,1) -> 42.5 | G18: =ROUND(InputsNZ_C!H19,1) -> 0 | H18: =ROUND(InputsNZ_C!I19,1) -> 0 | I18: =ROUND(InputsNZ_C!J19,1) -> 0 | J18: =ROUND(InputsNZ_C!K19,1) -> 0 | ... L18: =ROUND(InputsNZ_C!M19,1) -> 0.1
A19: OtherTOSalp | B19: (mg C m-2 d-1) | C19: =ROUND(InputsNZ_C!D20,1) -> 289.8 | D19: =ROUND(InputsNZ_C!E20,1) -> 162 | E19: =ROUND(InputsNZ_C!F20,1) -> 175 | F19: =ROUND(InputsNZ_C!G20,1) -> 400.4 | G19: =ROUND(InputsNZ_C!H20,1) -> 2.3 | H19: =ROUND(InputsNZ_C!I20,1) -> 2.2 | I19: =ROUND(InputsNZ_C!J20,1) -> 150.4 | J19: =ROUND(InputsNZ_C!K20,1) -> 83.9 | ... L19: =ROUND(InputsNZ_C!M20,1) -> 1.1
A20: Salp Fecal Pellet Production | B20: (mg C m-2 d-1) | C20: =ROUND(InputsNZ_C!D21,1) -> 76.1 | D20: =ROUND(InputsNZ_C!E21,1) -> 54.6 | E20: =ROUND(InputsNZ_C!F21,1) -> 50.3 | F20: =ROUND(InputsNZ_C!G21,1) -> 26.3 | G20: =ROUND(InputsNZ_C!H21,1) -> 0.7 | H20: =ROUND(InputsNZ_C!I21,1) -> 0.8 | I20: =ROUND(InputsNZ_C!J21,1) -> 45.7 | J20: =ROUND(InputsNZ_C!K21,1) -> 27.9 | ... L20: =ROUND(InputsNZ_C!M21,1) -> 0.5
A21: Bacterial Production | B21: (mg C m-2 d-1) | C21: =ROUND(InputsNZ_C!D22,1) -> 61.1 | D21: =ROUND(InputsNZ_C!E22,1) -> 12.3 | E21: =ROUND(InputsNZ_C!F22,1) -> 40.7 | F21: =ROUND(InputsNZ_C!G22,1) -> 14.1 | G21: =ROUND(InputsNZ_C!H22,1) -> 65.3 | H21: =ROUND(InputsNZ_C!I22,1) -> 14.8 | I21: =ROUND(InputsNZ_C!J22,1) -> 58.1 | J21: =ROUND(InputsNZ_C!K22,1) -> 15.9 | ... L21: =ROUND(InputsNZ_C!M22,1) -> 8.4
A22: Myct Scaled Meso Consumption | B22: (ug C m-2 d-1) | C22: =ROUND(InputsNZ_C!D23*1000,1) -> #REF! | D22: =ROUND(InputsNZ_C!E23*1000,1) -> #REF! | E22: =ROUND(InputsNZ_C!F23*1000,1) -> #REF! | F22: =ROUND(InputsNZ_C!G23*1000,1) -> #REF! | G22: =ROUND(InputsNZ_C!H23*1000,1) -> #REF! | H22: =ROUND(InputsNZ_C!I23*1000,1) -> #REF! | I22: =ROUND(InputsNZ_C!J23*1000,1) -> #REF! | J22: =ROUND(InputsNZ_C!K23*1000,1) -> #REF! | ... L22: =ROUND(InputsNZ_C!M23*1000,1) -> #REF!
A23: Myct Scaled VMMeso Consumption | B23: (ug C m-2 d-1) | C23: =ROUND(InputsNZ_C!D24*1000,1) -> #REF! | D23: =ROUND(InputsNZ_C!E24*1000,1) -> #REF! | E23: =ROUND(InputsNZ_C!F24*1000,1) -> #REF! | F23: =ROUND(InputsNZ_C!G24*1000,1) -> #REF! | G23: =ROUND(InputsNZ_C!H24*1000,1) -> #REF! | H23: =ROUND(InputsNZ_C!I24*1000,1) -> #REF! | I23: =ROUND(InputsNZ_C!J24*1000,1) -> #REF! | J23: =ROUND(InputsNZ_C!K24*1000,1) -> #REF! | ... L23: =ROUND(InputsNZ_C!M24*1000,1) -> #REF!
A24: Myct Scaled Macro Consumption | B24: (ug C m-2 d-1) | C24: =ROUND(InputsNZ_C!D25*1000,1) -> #REF! | D24: =ROUND(InputsNZ_C!E25*1000,1) -> #REF! | E24: =ROUND(InputsNZ_C!F25*1000,1) -> #REF! | F24: =ROUND(InputsNZ_C!G25*1000,1) -> #REF! | G24: =ROUND(InputsNZ_C!H25*1000,1) -> #REF! | H24: =ROUND(InputsNZ_C!I25*1000,1) -> #REF! | I24: =ROUND(InputsNZ_C!J25*1000,1) -> #REF! | J24: =ROUND(InputsNZ_C!K25*1000,1) -> #REF! | ... L24: =ROUND(InputsNZ_C!M25*1000,1) -> #REF!
A25: Myct Scaled VMMacro Consumption | B25: (ug C m-2 d-1) | C25: =ROUND(InputsNZ_C!D26*1000,1) -> #REF! | D25: =ROUND(InputsNZ_C!E26*1000,1) -> #REF! | E25: =ROUND(InputsNZ_C!F26*1000,1) -> #REF! | F25: =ROUND(InputsNZ_C!G26*1000,1) -> #REF! | G25: =ROUND(InputsNZ_C!H26*1000,1) -> #REF! | H25: =ROUND(InputsNZ_C!I26*1000,1) -> #REF! | I25: =ROUND(InputsNZ_C!J26*1000,1) -> #REF! | J25: =ROUND(InputsNZ_C!K26*1000,1) -> #REF! | ... L25: =ROUND(InputsNZ_C!M26*1000,1) -> #REF!
A26: Myct Scaled Amph Consumption | B26: (ug C m-2 d-1) | C26: =ROUND(InputsNZ_C!D27*1000,1) -> #REF! | D26: =ROUND(InputsNZ_C!E27*1000,1) -> #REF! | E26: =ROUND(InputsNZ_C!F27*1000,1) -> #REF! | F26: =ROUND(InputsNZ_C!G27*1000,1) -> #REF! | G26: =ROUND(InputsNZ_C!H27*1000,1) -> #REF! | H26: =ROUND(InputsNZ_C!I27*1000,1) -> #REF! | I26: =ROUND(InputsNZ_C!J27*1000,1) -> #REF! | J26: =ROUND(InputsNZ_C!K27*1000,1) -> #REF! | ... L26: =ROUND(InputsNZ_C!M27*1000,1) -> #REF!
A27: Myct Scaled Salp Consumption | B27: (ug C m-2 d-1) | C27: =ROUND(InputsNZ_C!D28*1000,1) -> #REF! | D27: =ROUND(InputsNZ_C!E28*1000,1) -> #REF! | E27: =ROUND(InputsNZ_C!F28*1000,1) -> #REF! | F27: =ROUND(InputsNZ_C!G28*1000,1) -> #REF! | G27: =ROUND(InputsNZ_C!H28*1000,1) -> #REF! | H27: =ROUND(InputsNZ_C!I28*1000,1) -> #REF! | I27: =ROUND(InputsNZ_C!J28*1000,1) -> #REF! | J27: =ROUND(InputsNZ_C!K28*1000,1) -> #REF! | ... L27: =ROUND(InputsNZ_C!M28*1000,1) -> #REF!
A28: Myct Scaled Gel Consumption | B28: (ug C m-2 d-1) | C28: =ROUND(InputsNZ_C!D29*1000,1) -> #REF! | D28: =ROUND(InputsNZ_C!E29*1000,1) -> #REF! | E28: =ROUND(InputsNZ_C!F29*1000,1) -> #REF! | F28: =ROUND(InputsNZ_C!G29*1000,1) -> #REF! | G28: =ROUND(InputsNZ_C!H29*1000,1) -> #REF! | H28: =ROUND(InputsNZ_C!I29*1000,1) -> #REF! | I28: =ROUND(InputsNZ_C!J29*1000,1) -> #REF! | J28: =ROUND(InputsNZ_C!K29*1000,1) -> #REF! | ... L28: =ROUND(InputsNZ_C!M29*1000,1) -> #REF!
A29: PiscivFish Scaled Myct Consumption | B29: (ug C m-2 d-1) | C29: =ROUND(InputsNZ_C!D30*1000,1) -> #REF! | D29: =ROUND(InputsNZ_C!E30*1000,1) -> #REF! | E29: =ROUND(InputsNZ_C!F30*1000,1) -> #REF! | F29: =ROUND(InputsNZ_C!G30*1000,1) -> #REF! | G29: =ROUND(InputsNZ_C!H30*1000,1) -> #REF! | H29: =ROUND(InputsNZ_C!I30*1000,1) -> #REF! | I29: =ROUND(InputsNZ_C!J30*1000,1) -> #REF! | J29: =ROUND(InputsNZ_C!K30*1000,1) -> #REF! | ... L29: =ROUND(InputsNZ_C!M30*1000,1) -> #REF!
A30: PiscivFish Scaled Macro Consumption | B30: (ug C m-2 d-1) | C30: =ROUND(InputsNZ_C!D31*1000,1) -> #REF! | D30: =ROUND(InputsNZ_C!E31*1000,1) -> #REF! | E30: =ROUND(InputsNZ_C!F31*1000,1) -> #REF! | F30: =ROUND(InputsNZ_C!G31*1000,1) -> #REF! | G30: =ROUND(InputsNZ_C!H31*1000,1) -> #REF! | H30: =ROUND(InputsNZ_C!I31*1000,1) -> #REF! | I30: =ROUND(InputsNZ_C!J31*1000,1) -> #REF! | J30: =ROUND(InputsNZ_C!K31*1000,1) -> #REF! | ... L30: =ROUND(InputsNZ_C!M31*1000,1) -> #REF!
A31: PiscivFish Scaled VMMacro Consumption | B31: (ug C m-2 d-1) | C31: =ROUND(InputsNZ_C!D32*1000,1) -> #REF! | D31: =ROUND(InputsNZ_C!E32*1000,1) -> #REF! | E31: =ROUND(InputsNZ_C!F32*1000,1) -> #REF! | F31: =ROUND(InputsNZ_C!G32*1000,1) -> #REF! | G31: =ROUND(InputsNZ_C!H32*1000,1) -> #REF! | H31: =ROUND(InputsNZ_C!I32*1000,1) -> #REF! | I31: =ROUND(InputsNZ_C!J32*1000,1) -> #REF! | J31: =ROUND(InputsNZ_C!K32*1000,1) -> #REF! | ... L31: =ROUND(InputsNZ_C!M32*1000,1) -> #REF!
A32: PiscivFish Scaled Amph Consumption | B32: (ug C m-2 d-1) | C32: =ROUND(InputsNZ_C!D33*1000,1) -> #REF! | D32: =ROUND(InputsNZ_C!E33*1000,1) -> #REF! | E32: =ROUND(InputsNZ_C!F33*1000,1) -> #REF! | F32: =ROUND(InputsNZ_C!G33*1000,1) -> #REF! | G32: =ROUND(InputsNZ_C!H33*1000,1) -> #REF! | H32: =ROUND(InputsNZ_C!I33*1000,1) -> #REF! | I32: =ROUND(InputsNZ_C!J33*1000,1) -> #REF! | J32: =ROUND(InputsNZ_C!K33*1000,1) -> #REF! | ... L32: =ROUND(InputsNZ_C!M33*1000,1) -> #REF!
A33: GelativFish Scaled Salp Consumption | B33: (ug C m-2 d-1) | C33: =ROUND(InputsNZ_C!D34*1000,1) -> #REF! | D33: =ROUND(InputsNZ_C!E34*1000,1) -> #REF! | E33: =ROUND(InputsNZ_C!F34*1000,1) -> #REF! | F33: =ROUND(InputsNZ_C!G34*1000,1) -> #REF! | G33: =ROUND(InputsNZ_C!H34*1000,1) -> #REF! | H33: =ROUND(InputsNZ_C!I34*1000,1) -> #REF! | I33: =ROUND(InputsNZ_C!J34*1000,1) -> #REF! | J33: =ROUND(InputsNZ_C!K34*1000,1) -> #REF! | ... L33: =ROUND(InputsNZ_C!M34*1000,1) -> #REF!
A34: GelativFish Scaled Gel Consumption | B34: (ug C m-2 d-1) | C34: =ROUND(InputsNZ_C!D35*1000,1) -> #REF! | D34: =ROUND(InputsNZ_C!E35*1000,1) -> #REF! | E34: =ROUND(InputsNZ_C!F35*1000,1) -> #REF! | F34: =ROUND(InputsNZ_C!G35*1000,1) -> #REF! | G34: =ROUND(InputsNZ_C!H35*1000,1) -> #REF! | H34: =ROUND(InputsNZ_C!I35*1000,1) -> #REF! | I34: =ROUND(InputsNZ_C!J35*1000,1) -> #REF! | J34: =ROUND(InputsNZ_C!K35*1000,1) -> #REF! | ... L34: =ROUND(InputsNZ_C!M35*1000,1) -> #REF!
A37: Temperature (0-70) | B37: deg C | C37: =ROUND(InputsNZ_C!D38,1) -> 10.2 | E37: =ROUND(InputsNZ_C!F38,1) -> 9.9 | G37: =ROUND(InputsNZ_C!H38,1) -> 13.1 | I37: =ROUND(InputsNZ_C!J38,1) -> 12.1 | K37: =ROUND(InputsNZ_C!L38,1) -> 10.7
A38: Temperature (200) | B38: deg C | C38: =ROUND(InputsNZ_C!D39,1) -> 9.4 | E38: =ROUND(InputsNZ_C!F39,1) -> 7.9 | G38: =ROUND(InputsNZ_C!H39,1) -> 11.5 | I38: =ROUND(InputsNZ_C!J39,1) -> 9.7 | K38: =ROUND(InputsNZ_C!L39,1) -> 7.9
A39: Temperature (bottom 100) | B39: deg C | C39: =ROUND(InputsNZ_C!D40,1) -> 5.7 | E39: =ROUND(InputsNZ_C!F40,1) -> 2.9 | G39: =ROUND(InputsNZ_C!H40,1) -> 4.9 | I39: =ROUND(InputsNZ_C!J40,1) -> 8.3 | K39: =ROUND(InputsNZ_C!L40,1) -> 1.8
A40: Bottom Depth | B40: m | C40: =ROUND(InputsNZ_C!D41,1) -> 884.3 | E40: =ROUND(InputsNZ_C!F41,1) -> 1501.7 | G40: =ROUND(InputsNZ_C!H41,1) -> 1046.5 | I40: =ROUND(InputsNZ_C!J41,1) -> 449.5 | K40: =ROUND(InputsNZ_C!L41,1) -> 2635.1
A41: Salp FP Flux | B41: (mg C m-2 d-1) | C41: =ROUND(InputsNZ_C!D42,1) -> 26 | E41: =ROUND(InputsNZ_C!F42,1) -> 24.7 | G41: =ROUND(InputsNZ_C!H42,1) -> 0.6 | I41: =ROUND(InputsNZ_C!J42,1) -> 37.7 | K41: =ROUND(InputsNZ_C!L42,1) -> 0
A42: Pico Biomass | B42: (mg C m-2) | C42: =ROUND(InputsNZ_C!D43,1) -> 193.4 | E42: =ROUND(InputsNZ_C!F43,1) -> 296.2 | G42: =ROUND(InputsNZ_C!H43,1) -> 384.7 | I42: =ROUND(InputsNZ_C!J43,1) -> 110.8 | K42: =ROUND(InputsNZ_C!L43,1) -> 685.1
A43: Diatom Biomass | B43: (mg C m-2) | C43: =ROUND(InputsNZ_C!D44,1) -> 673.5 | E43: =ROUND(InputsNZ_C!F44,1) -> 89.3 | G43: =ROUND(InputsNZ_C!H44,1) -> 40.7 | I43: =ROUND(InputsNZ_C!J44,1) -> 28 | K43: =ROUND(InputsNZ_C!L44,1) -> 37.3
A44: Flag Biomass | B44: (mg C m-2) | C44: =ROUND(InputsNZ_C!D45,1) -> 425.9 | E44: =ROUND(InputsNZ_C!F45,1) -> 274.9 | G44: =ROUND(InputsNZ_C!H45,1) -> 341.4 | I44: =ROUND(InputsNZ_C!J45,1) -> 313.3 | K44: =ROUND(InputsNZ_C!L45,1) -> 241.7
A45: HNF Biomass | B45: (mg C m-2) | C45: =ROUND(InputsNZ_C!D46,1) -> 72.2 | E45: =ROUND(InputsNZ_C!F46,1) -> 88.8 | G45: =ROUND(InputsNZ_C!H46,1) -> 160.8 | I45: =ROUND(InputsNZ_C!J46,1) -> 139.8 | K45: =ROUND(InputsNZ_C!L46,1) -> 65.1
A46: MIC Biomass | B46: (mg C m-2) | C46: =ROUND(InputsNZ_C!D47,1) -> 83.6 | E46: =ROUND(InputsNZ_C!F47,1) -> 16.6 | G46: =ROUND(InputsNZ_C!H47,1) -> 21.2 | I46: =ROUND(InputsNZ_C!J47,1) -> 185 | K46: =ROUND(InputsNZ_C!L47,1) -> 44
A47: Meso Daytime Biomass | B47: (mg C m-2) | C47: =ROUND(InputsNZ_C!D48,1) -> 788.1 | E47: =ROUND(InputsNZ_C!F48,1) -> 381.5 | G47: =ROUND(InputsNZ_C!H48,1) -> 1079.3 | I47: =ROUND(InputsNZ_C!J48,1) -> 525.6 | K47: =ROUND(InputsNZ_C!L48,1) -> 93.4
A48: Meso Nighttime Biomass | B48: (mg C m-2) | C48: =ROUND(InputsNZ_C!D49,1) -> 671.3 | E48: =ROUND(InputsNZ_C!F49,1) -> 1628.7 | G48: =ROUND(InputsNZ_C!H49,1) -> 2341 | I48: =ROUND(InputsNZ_C!J49,1) -> 899.8 | K48: =ROUND(InputsNZ_C!L49,1) -> 913.9
... A50: Macro Nighttime Biomass | B50: (mg C m-2) | C50: =ROUND(InputsNZ_C!D51,1) -> 328.5 | E50: =ROUND(InputsNZ_C!F51,1) -> 311.4 | G50: =ROUND(InputsNZ_C!H51,1) -> 217.5 | I50: =ROUND(InputsNZ_C!J51,1) -> 117.8 | K50: =ROUND(InputsNZ_C!L51,1) -> 98.7
A51: Amph Biomass | B51: (ug C m-2) | C51: =ROUND(InputsNZ_C!D52*1000,1) -> 25614.4 | E51: =ROUND(InputsNZ_C!F52*1000,1) -> 1057 | G51: =ROUND(InputsNZ_C!H52*1000,1) -> 28.3 | I51: =ROUND(InputsNZ_C!J52*1000,1) -> 2674.9 | K51: =ROUND(InputsNZ_C!L52*1000,1) -> 25705.3
A52: Gel Biomass | B52: (mg C m-2) | C52: =ROUND(InputsNZ_C!D53,1) -> 2.9 | E52: =ROUND(InputsNZ_C!F53,1) -> 123.7 | G52: =ROUND(InputsNZ_C!H53,1) -> 3.2 | I52: =ROUND(InputsNZ_C!J53,1) -> 8.6 | K52: =ROUND(InputsNZ_C!L53,1) -> 6.2
A53: Salp Daytime Biomass | B53: (mg C m-2) | C53: =ROUND(InputsNZ_C!D54,1) -> 817.3 | E53: =ROUND(InputsNZ_C!F54,1) -> 279.2 | G53: =ROUND(InputsNZ_C!H54,1) -> 6 | I53: =ROUND(InputsNZ_C!J54,1) -> 606.8 | K53: =ROUND(InputsNZ_C!L54,1) -> 0.1
A54: Salp Nighttime Biomass | B54: (mg C m-2) | C54: =ROUND(InputsNZ_C!D55,1) -> 2006.8 | E54: =ROUND(InputsNZ_C!F55,1) -> 1021.9 | G54: =ROUND(InputsNZ_C!H55,1) -> 9.6 | I54: =ROUND(InputsNZ_C!J55,1) -> 1349.4 | K54: =ROUND(InputsNZ_C!L55,1) -> 5.8
A55: Myct Biomass | B55: (mg C m-2) | C55: =ROUND(InputsNZ_C!D56,1) -> 425.7 | E55: =ROUND(InputsNZ_C!F56,1) -> 424.8 | G55: =ROUND(InputsNZ_C!H56,1) -> 353.9 | I55: =ROUND(InputsNZ_C!J56,1) -> 327.3 | K55: =ROUND(InputsNZ_C!L56,1) -> 144.5
A56: PiscivFish Biomass | B56: (mg C m-2) | C56: =ROUND(InputsNZ_C!D57,1) -> 123.8 | E56: =ROUND(InputsNZ_C!F57,1) -> 109.8 | G56: =ROUND(InputsNZ_C!H57,1) -> 87 | I56: =ROUND(InputsNZ_C!J57,1) -> 69.9 | K56: =ROUND(InputsNZ_C!L57,1) -> 28.2
A57: GelativFish Biomass | B57: (mg C m-2) | C57: =ROUND(InputsNZ_C!D58,1) -> 1463.1 | E57: =ROUND(InputsNZ_C!F58,1) -> 834 | G57: =ROUND(InputsNZ_C!H58,1) -> 9.3 | I57: =ROUND(InputsNZ_C!J58,1) -> 988.6 | K57: =ROUND(InputsNZ_C!L58,1) -> 8.7
A58: HNF Size | B58: (um3) | C58: =ROUND(InputsNZ_C!D59,1) -> 555.4 | E58: =ROUND(InputsNZ_C!F59,1) -> 384.7 | G58: =ROUND(InputsNZ_C!H59,1) -> 317.1 | I58: =ROUND(InputsNZ_C!J59,1) -> 235.5 | K58: =ROUND(InputsNZ_C!L59,1) -> 354.5
A59: Flag Size | B59: (um3) | C59: =ROUND(InputsNZ_C!D60,1) -> 1679.9 | E59: =ROUND(InputsNZ_C!F60,1) -> 524.3 | G59: =ROUND(InputsNZ_C!H60,1) -> 436.1 | I59: =ROUND(InputsNZ_C!J60,1) -> 308.9 | K59: =ROUND(InputsNZ_C!L60,1) -> 627.8
A60: Micro Size | B60: (um3) | C60: =ROUND(InputsNZ_C!D61,1) -> 11749.9 | E60: =ROUND(InputsNZ_C!F61,1) -> 8239.8 | G60: =ROUND(InputsNZ_C!H61,1) -> 10570.1 | I60: =ROUND(InputsNZ_C!J61,1) -> 23363.8 | K60: =ROUND(InputsNZ_C!L61,1) -> 11056.7
A61: Meso Size | B61: (ug C ind-1) | C61: =ROUND(InputsNZ_C!D62*1000,1) -> 7.6 | E61: =ROUND(InputsNZ_C!F62*1000,1) -> 7.6 | G61: =ROUND(InputsNZ_C!H62*1000,1) -> 7.6 | I61: =ROUND(InputsNZ_C!J62*1000,1) -> 7.6 | K61: =ROUND(InputsNZ_C!L62*1000,1) -> 7.6
A62: Macro Size | B62: (ug C ind-1) | C62: =ROUND(InputsNZ_C!D63*1000,1) -> 468.9 | E62: =ROUND(InputsNZ_C!F63*1000,1) -> 468.9 | G62: =ROUND(InputsNZ_C!H63*1000,1) -> 468.9 | I62: =ROUND(InputsNZ_C!J63*1000,1) -> 468.9 | K62: =ROUND(InputsNZ_C!L63*1000,1) -> 468.9
A63: Amph Size | B63: (ug C ind-1) | C63: =ROUND(InputsNZ_C!D64*1000,1) -> 961.9 | E63: =ROUND(InputsNZ_C!F64*1000,1) -> 548.2 | G63: =ROUND(InputsNZ_C!H64*1000,1) -> 28.1 | I63: =ROUND(InputsNZ_C!J64*1000,1) -> 756.5 | K63: =ROUND(InputsNZ_C!L64*1000,1) -> 1701.5
A64: GelPred Size | B64: (ug C ind-1) | C64: =ROUND(InputsNZ_C!D65*1000,1) -> 12.1 | E64: =ROUND(InputsNZ_C!F65*1000,1) -> 518.8 | G64: =ROUND(InputsNZ_C!H65*1000,1) -> 13.4 | I64: =ROUND(InputsNZ_C!J65*1000,1) -> 35.9 | K64: =ROUND(InputsNZ_C!L65*1000,1) -> 26.1
A65: Myct Size | B65: (mg WW ind-1) | C65: =ROUND(InputsNZ_C!D66,1) -> 1300 | E65: =ROUND(InputsNZ_C!F66,1) -> 1300 | G65: =ROUND(InputsNZ_C!H66,1) -> 1300 | I65: =ROUND(InputsNZ_C!J66,1) -> 1300 | K65: =ROUND(InputsNZ_C!L66,1) -> 1300
A66: PiscivFish Size | B66: (mg WW ind-1) | C66: =ROUND(InputsNZ_C!D67,1) -> 892000 | E66: =ROUND(InputsNZ_C!F67,1) -> 892000 | G66: =ROUND(InputsNZ_C!H67,1) -> 892000 | I66: =ROUND(InputsNZ_C!J67,1) -> 892000 | K66: =ROUND(InputsNZ_C!L67,1) -> 892000
A67: GelativFish Size | B67: (mg WW ind-1) | C67: =ROUND(InputsNZ_C!D68,1) -> 1257660 | E67: =ROUND(InputsNZ_C!F68,1) -> 1257660 | G67: =ROUND(InputsNZ_C!H68,1) -> 1257660 | I67: =ROUND(InputsNZ_C!J68,1) -> 1257660 | K67: =ROUND(InputsNZ_C!L68,1) -> 1257660
A68: Salp Basal Respiration | B68: (ug C m-2 d-1) | C68: =ROUND(InputsNZ_C!D69*1000,1) -> 83502 | E68: =ROUND(InputsNZ_C!F69*1000,1) -> 38628.6 | G68: =ROUND(InputsNZ_C!H69*1000,1) -> 515.2 | I68: =ROUND(InputsNZ_C!J69*1000,1) -> 63003.4 | K68: =ROUND(InputsNZ_C!L69*1000,1) -> 227.6
A71: Shallow SedTrap | B71: δ 15NAIR (‰) | C71: 3.5960812 | D71: 0.38050683 | E71: 0.57160202 | F71: 0.23901983 | G71: 6.9638938 | H71: 0.14862613 | I71: 6.9932794 | J71: 0.36404257 | K71: 3.9811394 | L71: 2.18583
A72: PON | B72: δ 15NAIR (‰)
A73: Meso | B73: δ 15NAIR (‰) | C73: 6.534452 | D73: 0.7506496 | E73: 4.013099 | F73: 0.6753015 | G73: 9.131342 | H73: 0.4502469 | I73: 9.731341 | J73: 0.3558062 | K73: 4.515234 | L73: 0.3374372
A74: Macro | B74: δ 15NAIR (‰) | C74: 6.095181 | D74: 1.4836384 | E74: 4.433093 | F74: 0.7529901 | G74: 8.993213 | H74: 0.5743025 | I74: 10.505179 | J74: 0.3846145 | K74: 6.581057 | L74: 1.1969808
A75: Salp | B75: δ 15NAIR (‰) | C75: 2.78 | D75: 1.33 | E75: 1.13 | F75: 0.55 | G75: NaN | H75: NaN | I75: 7.75 | J75: 0.47 | K75: NaN | L75: NaN

Sheet InputsNZ_C_paper
A1: Approximate Equalities
C2: units | D2: Cycle 1 | E2: Cycle 2 | F2: Cycle 3 | G2: Cycle 4 | H2: Cycle 5
A3: 1 | B3: NPP (14C) | C3: (mg C m-2 d-1) | D3: =Sheet3!C2&"±"&Sheet3!D2 -> 554.5±167.4 | E3: =Sheet3!E2&"±"&Sheet3!F2 -> 321.4±62.2 | F3: =Sheet3!G2&"±"&Sheet3!H2 -> 781±361.8 | G3: =Sheet3!I2&"±"&Sheet3!J2 -> 452.3±102.1 | H3: =Sheet3!K2&"±"&Sheet3!L2 -> 251.4±30.4
A4: 2 | B4: SedTrap Flux (shallow) | C4: (mg C m-2 d-1) | D4: =Sheet3!C3&"±"&Sheet3!D3 -> 77.8±15.9 | E4: =Sheet3!E3&"±"&Sheet3!F3 -> 129.9±4.5 | F4: =Sheet3!G3&"±"&Sheet3!H3 -> 37.3±2.4 | G4: =Sheet3!I3&"±"&Sheet3!J3 -> 142.2±47.4 | H4: =Sheet3!K3&"±"&Sheet3!L3 -> 33.4±14.4
A5: 3 | B5: Pico NPP | C5: (mg C m-2 d-1) | D5: =Sheet3!C4&"±"&Sheet3!D4 -> 169±121.6 | E5: =Sheet3!E4&"±"&Sheet3!F4 -> 245.4±73 | F5: =Sheet3!G4&"±"&Sheet3!H4 -> 515.9±378.2 | G5: =Sheet3!I4&"±"&Sheet3!J4 -> 274.8±177.7 | H5: =Sheet3!K4&"±"&Sheet3!L4 -> 225.4±302.8
A6: 4 | B6: Flag NPP | C6: (mg C m-2 d-1) | D6: =Sheet3!C5&"±"&Sheet3!D5 -> 131.2±66.4 | E6: =Sheet3!E5&"±"&Sheet3!F5 -> 27.5±39.8 | F6: =Sheet3!G5&"±"&Sheet3!H5 -> 216±265.6 | G6: =Sheet3!I5&"±"&Sheet3!J5 -> 157.8±157.1 | H6: =Sheet3!K5&"±"&Sheet3!L5 -> 12.9±271.2
A7: 5 | B7: Diatom NPP | C7: (mg C m-2 d-1) | D7: =Sheet3!C6&"±"&Sheet3!D6 -> 254.3±162.1 | E7: =Sheet3!E6&"±"&Sheet3!F6 -> 28.7±18.6 | F7: =Sheet3!G6&"±"&Sheet3!H6 -> 49.1±44.7 | G7: =Sheet3!I6&"±"&Sheet3!J6 -> 19.7±12.3 | H7: =Sheet3!K6&"±"&Sheet3!L6 -> 13.1±17.1
A8: 6 | B8: Picophyto Mortality | C8: (mg C m-2 d-1) | D8: =Sheet3!C7&"±"&Sheet3!D7 -> 77±61.6 | E8: =Sheet3!E7&"±"&Sheet3!F7 -> 150.2±58.1 | F8: =Sheet3!G7&"±"&Sheet3!H7 -> 277.9±199.9 | G8: =Sheet3!I7&"±"&Sheet3!J7 -> 168.5±102.8 | H8: =Sheet3!K7&"±"&Sheet3!L7 -> 99.3±74.4
A9: 7 | B9: Flagellate Mortality | C9: (mg C m-2 d-1) | D9: =Sheet3!C8&"±"&Sheet3!D8 -> 74±83.7 | E9: =Sheet3!E8&"±"&Sheet3!F8 -> 38.5±42.5 | F9: =Sheet3!G8&"±"&Sheet3!H8 -> 125.1±141.9 | G9: =Sheet3!I8&"±"&Sheet3!J8 -> 182.5±114.3 | H9: =Sheet3!K8&"±"&Sheet3!L8 -> 126.6±188.2
A10: 8 | B10: Diatom Mortality | C10: (mg C m-2 d-1) | D10: =Sheet3!C9&"±"&Sheet3!D9 -> 128±90.8 | E10: =Sheet3!E9&"±"&Sheet3!F9 -> 6.6±2.8 | F10: =Sheet3!G9&"±"&Sheet3!H9 -> 24.1±21.2 | G10: =Sheet3!I9&"±"&Sheet3!J9 -> 14.9±9.6 | H10: =Sheet3!K9&"±"&Sheet3!L9 -> 10.8±10.7
A11: 9 | B11: Protistan Grazing Rate (14C) | C11: (mg C m-2 d-1) | D11: =Sheet3!C10&"±"&Sheet3!D10 -> 279±100.6 | E11: =Sheet3!E10&"±"&Sheet3!F10 -> 214.1±48.5 | F11: =Sheet3!G10&"±"&Sheet3!H10 -> 427.1±236.5 | G11: =Sheet3!I10&"±"&Sheet3!J10 -> 365.9±173.1 | H11: =Sheet3!K10&"±"&Sheet3!L10 -> 236.7±68.9
A12: 10 | B12: Mesozoo Grazing | C12: (mg C m-2 d-1) | D12: =Sheet3!C11&"±"&Sheet3!D11 -> 72.3±14.7 | E12: =Sheet3!E11&"±"&Sheet3!F11 -> 55.5±26.3 | F12: =Sheet3!G11&"±"&Sheet3!H11 -> 19.3±7.9 | G12: =Sheet3!I11&"±"&Sheet3!J11 -> 25.9±9.1 | H12: =Sheet3!K11&"±"&Sheet3!L11 -> 24.1±12.8
A13: 11 | B13: VMMeso Grazing | C13: (mg C m-2 d-1) | D13: =Sheet3!C12&"±"&Sheet3!D12 -> NA±NA | E13: =Sheet3!E12&"±"&Sheet3!F12 -> 30.1±17.6 | F13: =Sheet3!G12&"±"&Sheet3!H12 -> 10.5±3.1 | G13: =Sheet3!I12&"±"&Sheet3!J12 -> 5.8±8.5 | H13: =Sheet3!K12&"±"&Sheet3!L12 -> 16.7±10.3
A14: 12 | B14: Macrozoo Grazing | C14: (mg C m-2 d-1) | D14: =Sheet3!C13&"±"&Sheet3!D13 -> 2.2±2.2 | E14: =Sheet3!E13&"±"&Sheet3!F13 -> 2.6±6 | F14: =Sheet3!G13&"±"&Sheet3!H13 -> 0.6±0.9 | G14: =Sheet3!I13&"±"&Sheet3!J13 -> 0.9±1.1 | H14: =Sheet3!K13&"±"&Sheet3!L13 -> 2±2
... A23: 21 | B23: Myct Scaled Meso Consumption | C23: (ug C m-2 d-1) | D23: =Sheet3!C22&"±"&Sheet3!D22 -> #REF! | E23: =Sheet3!E22&"±"&Sheet3!F22 -> #REF! | F23: =Sheet3!G22&"±"&Sheet3!H22 -> #REF! | G23: =Sheet3!I22&"±"&Sheet3!J22 -> #REF! | H23: =Sheet3!K22&"±"&Sheet3!L22 -> #REF!
A24: 22 | B24: Myct Scaled VMMeso Consumption | C24: (ug C m-2 d-1) | E24: =Sheet3!E23&"±"&Sheet3!F23 -> #REF! | F24: =Sheet3!G23&"±"&Sheet3!H23 -> #REF! | G24: =Sheet3!I23&"±"&Sheet3!J23 -> #REF! | H24: =Sheet3!K23&"±"&Sheet3!L23 -> #REF!
A25: 23 | B25: Myct Scaled Macro Consumption | C25: (ug C m-2 d-1) | D25: =Sheet3!C24&"±"&Sheet3!D24 -> #REF! | E25: =Sheet3!E24&"±"&Sheet3!F24 -> #REF! | F25: =Sheet3!G24&"±"&Sheet3!H24 -> #REF! | G25: =Sheet3!I24&"±"&Sheet3!J24 -> #REF! | H25: =Sheet3!K24&"±"&Sheet3!L24 -> #REF!
A26: 24 | B26: Myct Scaled VMMacro Consumption | C26: (ug C m-2 d-1) | D26: =Sheet3!C25&"±"&Sheet3!D25 -> #REF! | E26: =Sheet3!E25&"±"&Sheet3!F25 -> #REF! | F26: =Sheet3!G25&"±"&Sheet3!H25 -> #REF! | G26: =Sheet3!I25&"±"&Sheet3!J25 -> #REF! | H26: =Sheet3!K25&"±"&Sheet3!L25 -> #REF!
A27: 25 | B27: Myct Scaled Amph Consumption | C27: (ug C m-2 d-1) | D27: =Sheet3!C26&"±"&Sheet3!D26 -> #REF! | E27: =Sheet3!E26&"±"&Sheet3!F26 -> #REF! | F27: =Sheet3!G26&"±"&Sheet3!H26 -> #REF! | G27: =Sheet3!I26&"±"&Sheet3!J26 -> #REF! | H27: =Sheet3!K26&"±"&Sheet3!L26 -> #REF!
A28: 26 | B28: Myct Scaled Salp Consumption | C28: (ug C m-2 d-1) | D28: =Sheet3!C27&"±"&Sheet3!D27 -> #REF! | E28: =Sheet3!E27&"±"&Sheet3!F27 -> #REF! | F28: =Sheet3!G27&"±"&Sheet3!H27 -> #REF! | G28: =Sheet3!I27&"±"&Sheet3!J27 -> #REF! | H28: =Sheet3!K27&"±"&Sheet3!L27 -> #REF!
A29: 27 | B29: Myct Scaled Gel Consumption | C29: (ug C m-2 d-1) | D29: =Sheet3!C28&"±"&Sheet3!D28 -> #REF! | E29: =Sheet3!E28&"±"&Sheet3!F28 -> #REF! | F29: =Sheet3!G28&"±"&Sheet3!H28 -> #REF! | G29: =Sheet3!I28&"±"&Sheet3!J28 -> #REF! | H29: =Sheet3!K28&"±"&Sheet3!L28 -> #REF!
A30: 28 | B30: PiscivFish Scaled Myct Consumption | C30: (ug C m-2 d-1) | D30: =Sheet3!C29&"±"&Sheet3!D29 -> #REF! | E30: =Sheet3!E29&"±"&Sheet3!F29 -> #REF! | F30: =Sheet3!G29&"±"&Sheet3!H29 -> #REF! | G30: =Sheet3!I29&"±"&Sheet3!J29 -> #REF! | H30: =Sheet3!K29&"±"&Sheet3!L29 -> #REF!
A31: 29 | B31: PiscivFish Scaled Macro Consumption | C31: (ug C m-2 d-1) | D31: =Sheet3!C30&"±"&Sheet3!D30 -> #REF! | E31: =Sheet3!E30&"±"&Sheet3!F30 -> #REF! | F31: =Sheet3!G30&"±"&Sheet3!H30 -> #REF! | G31: =Sheet3!I30&"±"&Sheet3!J30 -> #REF! | H31: =Sheet3!K30&"±"&Sheet3!L30 -> #REF!
A32: 30 | B32: PiscivFish Scaled VMMacro Consumption | C32: (ug C m-2 d-1) | D32: =Sheet3!C31&"±"&Sheet3!D31 -> #REF! | E32: =Sheet3!E31&"±"&Sheet3!F31 -> #REF! | F32: =Sheet3!G31&"±"&Sheet3!H31 -> #REF! | G32: =Sheet3!I31&"±"&Sheet3!J31 -> #REF! | H32: =Sheet3!K31&"±"&Sheet3!L31 -> #REF!
A33: 31 | B33: PiscivFish Scaled Amph Consumption | C33: (ug C m-2 d-1) | D33: =Sheet3!C32&"±"&Sheet3!D32 -> #REF! | E33: =Sheet3!E32&"±"&Sheet3!F32 -> #REF! | F33: =Sheet3!G32&"±"&Sheet3!H32 -> #REF! | G33: =Sheet3!I32&"±"&Sheet3!J32 -> #REF! | H33: =Sheet3!K32&"±"&Sheet3!L32 -> #REF!
A34: 32 | B34: GelativFish Scaled Salp Consumption | C34: (ug C m-2 d-1) | D34: =Sheet3!C33&"±"&Sheet3!D33 -> #REF! | E34: =Sheet3!E33&"±"&Sheet3!F33 -> #REF! | F34: =Sheet3!G33&"±"&Sheet3!H33 -> #REF! | G34: =Sheet3!I33&"±"&Sheet3!J33 -> #REF! | H34: =Sheet3!K33&"±"&Sheet3!L33 -> #REF!
A35: 33 | B35: GelativFish Scaled Gel Consumption | C35: (ug C m-2 d-1) | D35: =Sheet3!C34&"±"&Sheet3!D34 -> #REF! | E35: =Sheet3!E34&"±"&Sheet3!F34 -> #REF! | F35: =Sheet3!G34&"±"&Sheet3!H34 -> #REF! | G35: =Sheet3!I34&"±"&Sheet3!J34 -> #REF! | H35: =Sheet3!K34&"±"&Sheet3!L34 -> #REF!
A37: Inequality Inputs
A38: 1 | B38: Temperature (0-70) | C38: deg C | D38: 10.240493 | E38: 9.897492 | F38: 13.090224 | G38: 12.122057 | H38: 10.688394
A39: 2 | B39: Temperature (200) | C39: deg C | D39: 9.397415 | E39: 7.915702 | F39: 11.465439 | G39: 9.652742 | H39: 7.9416
A40: 3 | B40: Temperature (bottom 100) | C40: deg C | D40: 5.73695 | E40: 2.882 | F40: 4.9304 | G40: 8.341335 | H40: 1.8084
A41: 4 | B41: Bottom Depth | C41: m | D41: 884.2632 | E41: 1501.6923 | F41: 1046.5 | G41: 449.5 | H41: 2635.1
A42: 5 | B42: Salp FP Flux | C42: (mg C m-2 d-1) | D42: =InputsNZ!D48*(106/16)*12 -> 25.962124 | E42: =InputsNZ!F48*(106/16)*12 -> 24.681551 | F42: =InputsNZ!H48*(106/16)*12 -> 0.58164248 | G42: =InputsNZ!J48*(106/16)*12 -> 37.675504 | H42: =InputsNZ!L48*(106/16)*12 -> 0.015373587
A43: 6 | B43: Pico Biomass | C43: (mg C m-2) | D43: =InputsNZ!D49*(106/16)*12 -> 193.37184 | E43: =InputsNZ!F49*(106/16)*12 -> 296.16168 | F43: =InputsNZ!H49*(106/16)*12 -> 384.66617 | G43: =InputsNZ!J49*(106/16)*12 -> 110.81727 | H43: =InputsNZ!L49*(106/16)*12 -> 685.09781
A44: 7 | B44: Diatom Biomass | C44: (mg C m-2) | D44: =InputsNZ!D50*(106/16)*12 -> 673.49471 | E44: =InputsNZ!F50*(106/16)*12 -> 89.298172 | F44: =InputsNZ!H50*(106/16)*12 -> 40.736162 | G44: =InputsNZ!J50*(106/16)*12 -> 28.042283 | H44: =InputsNZ!L50*(106/16)*12 -> 37.345668
A45: 8 | B45: Flag Biomass | C45: (mg C m-2) | D45: =InputsNZ!D51*(106/16)*12 -> 425.945 | E45: =InputsNZ!F51*(106/16)*12 -> 274.89126 | F45: =InputsNZ!H51*(106/16)*12 -> 341.44417 | G45: =InputsNZ!J51*(106/16)*12 -> 313.27654 | H45: =InputsNZ!L51*(106/16)*12 -> 241.74715
A46: 9 | B46: HNF Biomass | C46: (mg C m-2) | D46: =InputsNZ!D52*(106/16)*12 -> 72.186731 | E46: =InputsNZ!F52*(106/16)*12 -> 88.788444 | F46: =InputsNZ!H52*(106/16)*12 -> 160.76738 | G46: =InputsNZ!J52*(106/16)*12 -> 139.80214 | H46: =InputsNZ!L52*(106/16)*12 -> 65.149319
A47: 10 | B47: MIC Biomass | C47: (mg C m-2) | D47: =InputsNZ!D53*(106/16)*12 -> 83.644271 | E47: =InputsNZ!F53*(106/16)*12 -> 16.612851 | F47: =InputsNZ!H53*(106/16)*12 -> 21.220129 | G47: =InputsNZ!J53*(106/16)*12 -> 184.98604 | H47: =InputsNZ!L53*(106/16)*12 -> 44.026255
A48: 11 | B48: Meso Daytime Biomass | C48: (mg C m-2) | D48: =InputsNZ!D54*(106/16)*12 -> 788.14543 | E48: =InputsNZ!F54*(106/16)*12 -> 381.54491 | F48: =InputsNZ!H54*(106/16)*12 -> 1079.3121 | G48: =InputsNZ!J54*(106/16)*12 -> 525.62959 | H48: =InputsNZ!L54*(106/16)*12 -> 93.434076
A49: 12 | B49: Meso Nighttime Biomass | C49: (mg C m-2) | D49: =InputsNZ!D55*(106/16)*12 -> 671.34006 | E49: =InputsNZ!F55*(106/16)*12 -> 1628.6543 | F49: =InputsNZ!H55*(106/16)*12 -> 2341.0294 | G49: =InputsNZ!J55*(106/16)*12 -> 899.75421 | H49: =InputsNZ!L55*(106/16)*12 -> 913.9064
A50: 13 | B50: Macro Daytime Biomass | C50: (mg C m-2) | D50: =InputsNZ!D56*(106/16)*12 -> 19.043756 | E50: =InputsNZ!F56*(106/16)*12 -> 62.88136 | F50: =InputsNZ!H56*(106/16)*12 -> 37.27782 | G50: =InputsNZ!J56*(106/16)*12 -> 18.455043 | H50: =InputsNZ!L56*(106/16)*12 -> 95.839611
A51: 14 | B51: Macro Nighttime Biomass | C51: (mg C m-2) | D51: =InputsNZ!D57*(106/16)*12 -> 328.48665 | E51: =InputsNZ!F57*(106/16)*12 -> 311.35041 | F51: =InputsNZ!H57*(106/16)*12 -> 217.54893 | G51: =InputsNZ!J57*(106/16)*12 -> 117.77201 | H51: =InputsNZ!L57*(106/16)*12 -> 98.681728
A52: 15 | B52: Amph Biomass | C52: (mg C m-2) | D52: =InputsNZ!D58*(106/16)*12 -> 25.614372 | E52: =InputsNZ!F58*(106/16)*12 -> 1.0570205 | F52: =InputsNZ!H58*(106/16)*12 -> 0.02833533 | G52: =InputsNZ!J58*(106/16)*12 -> 2.6748558 | H52: =InputsNZ!L58*(106/16)*12 -> 25.705293
A53: 16 | B53: Gel Biomass | C53: (mg C m-2) | D53: =InputsNZ!D59*(106/16)*12 -> 2.8863993 | E53: =InputsNZ!F59*(106/16)*12 -> 123.72831 | F53: =InputsNZ!H59*(106/16)*12 -> 3.1916424 | G53: =InputsNZ!J59*(106/16)*12 -> 8.5635452 | H53: =InputsNZ!L59*(106/16)*12 -> 6.2192544
... A58: 21 | B58: GelativFish Biomass | C58: (mg C m-2) | D58: =InputsNZ!D64*(106/16)*12 -> 1463.056 | E58: =InputsNZ!F64*(106/16)*12 -> 833.98624 | F58: =InputsNZ!H64*(106/16)*12 -> 9.311591 | G58: =InputsNZ!J64*(106/16)*12 -> 988.56834 | H58: =InputsNZ!L64*(106/16)*12 -> 8.7286159
A59: 22 | B59: HNF Size | C59: (um3) | D59: 555.38994 | E59: 384.6628 | F59: 317.0839 | G59: 235.54478 | H59: 354.50234
A60: 23 | B60: Flag Size | C60: (um3) | D60: 1679.9188 | E60: 524.29392 | F60: 436.08202 | G60: 308.87667 | H60: 627.7901
A61: 24 | B61: Micro Size | C61: (um3) | D61: 11749.865 | E61: 8239.832 | F61: 10570.128 | G61: 23363.78 | H61: 11056.736
A62: 25 | B62: Meso Size | C62: (mg C ind-1) | D62: 0.007564 | E62: 0.007564 | F62: 0.007564 | G62: 0.007564 | H62: 0.007564
A63: 26 | B63: Macro Size | C63: (mg C ind-1) | D63: 0.468875 | E63: 0.468875 | F63: 0.468875 | G63: 0.468875 | H63: 0.468875
A64: 27 | B64: Amph Size | C64: (mg C ind-1) | D64: 0.9618686 | E64: 0.548151 | F64: 0.0281221 | G64: 0.7565458 | H64: 1.701548
A65: 28 | B65: GelPred Size | C65: (mg C ind-1) | D65: 0.0121023 | E65: 0.5187769 | F65: 0.01338215 | G65: 0.03590586 | H65: 0.02607654
A66: 29 | B66: Myct Size | C66: (mg WW ind-1) | D66: 1300 | E66: 1300 | F66: 1300 | G66: 1300 | H66: 1300
A67: 30 | B67: PiscivFish Size | C67: (mg WW ind-1) | D67: 892000 | E67: 892000 | F67: 892000 | G67: 892000 | H67: 892000
A68: 31 | B68: GelativFish Size | C68: (mg WW ind-1) | D68: 1257660 | E68: 1257660 | F68: 1257660 | G68: 1257660 | H68: 1257660
A69: 32 | B69: Salp Basal Respiration | C69: (mg C m-2 d-1) | D69: =InputsNZ!D76*(106/16)*12 -> 83.501993 | E69: =InputsNZ!F76*(106/16)*12 -> 38.628643 | F69: =InputsNZ!H76*(106/16)*12 -> 0.51524731 | G69: =InputsNZ!J76*(106/16)*12 -> 63.003358 | H69: =InputsNZ!L76*(106/16)*12 -> 0.22757759
A71: δ15N Values
A72: 1 | B72: Meso | C72: δ 15NAIR (‰) | D72: 6.534452 | E72: 4.013099 | F72: 9.131342 | G72: 9.731341 | H72: 4.515234
A73: 2 | B73: Macro | C73: δ 15NAIR (‰) | D73: 6.095181 | E73: 4.433093 | F73: 8.993213 | G73: 10.505179 | H73: 6.581057
A74: 3 | B74: Salp | C74: δ 15NAIR (‰) | D74: 2.78 | E74: 1.13 | F74: NaN | G74: 7.75 | H74: NaN

Sheet InputsNZ Old
A1: Approximate Equalities
C2: units | D2: Cycle 1 | E2: σ | F2: Cycle 2 | G2: σ | H2: Cycle 3 | I2: σ | J2: Cycle 4 | K2: σ | L2: Cycle 5 | M2: σ
A3: 1 | B3: NPP (14C) | C3: (mmol N m-2 d-1) | D3: 6.9847902 | E3: 1.4592868 | F3: 4.0048803 | G3: 0.84743941 | H3: 9.3827998 | I3: 4.876599 | J3: 5.6894075 | K3: 1.2846958 | L3: 2.9328239 | M3: 0.55150633
A4: 2 | B4: SedTrap Flux (shallow) | C4: (mmol N m-2 d-1) | D4: 0.97868813 | E4: 0.20023276 | F4: 1.634325 | G4: 0.056975159 | H4: 0.46955162 | I4: 0.029864707 | J4: 1.78897 | K4: 0.59585481 | L4: 0.4195884 | M4: 0.18168493
A5: 3 | B5: Pico NPP | C5: (mmol N m-2 d-1) | D5: =D3*NZ_Extra!D6 -> 2.1286452 | E5: =D5*SQRT((E3/D3)^2+(NZ_Extra!E6/NZ_Extra!D6)^2) -> 1.4594561 | F5: =F3*NZ_Extra!F6 -> 3.0574045 | G5: =F5*SQRT((G3/F3)^2+(NZ_Extra!G6/NZ_Extra!F6)^2) -> 0.94638163 | H5: =H3*NZ_Extra!H6 -> 6.1979193 | I5: =H5*SQRT((I3/H3)^2+(NZ_Extra!I6/NZ_Extra!H6)^2) -> 4.7729749 | J5: =J3*NZ_Extra!J6 -> 3.4570988 | K5: =J5*SQRT((K3/J3)^2+(NZ_Extra!K6/NZ_Extra!J6)^2) -> 2.235291 | L5: =L3*NZ_Extra!L6 -> 2.6299363 | M5: =L5*SQRT((M3/L3)^2+(NZ_Extra!M6/NZ_Extra!L6)^2) -> 3.5531589
A6: 4 | B6: Flag NPP | C6: (mmol N m-2 d-1) | D6: =D3*NZ_Extra!D7 -> 1.6532035 | E6: =D6*SQRT((E3/D3)^2+(NZ_Extra!E7/NZ_Extra!D7)^2) -> 0.75475264 | F6: =F3*NZ_Extra!F7 -> 0.34239017 | G6: =F6*SQRT((G3/F3)^2+(NZ_Extra!G7/NZ_Extra!F7)^2) -> 0.49677515 | H6: =H3*NZ_Extra!H7 -> 2.5949319 | I6: =H6*SQRT((I3/H3)^2+(NZ_Extra!I7/NZ_Extra!H7)^2) -> 3.2487322 | J6: =J3*NZ_Extra!J7 -> 1.9849115 | K6: =J6*SQRT((K3/J3)^2+(NZ_Extra!K7/NZ_Extra!J7)^2) -> 1.9757686 | L6: =L3*NZ_Extra!L7 -> 0.150623 | M6: =L6*SQRT((M3/L3)^2+(NZ_Extra!M7/NZ_Extra!L7)^2) -> 3.1646147
A7: 5 | B7: Diatom NPP | C7: (mmol N m-2 d-1) | D7: =D3*NZ_Extra!D8 -> 3.2029415 | E7: =D7*SQRT((E3/D3)^2+(NZ_Extra!E8/NZ_Extra!D8)^2) -> 1.9182671 | F7: =F3*NZ_Extra!F8 -> 0.35777746 | G7: =F7*SQRT((G3/F3)^2+(NZ_Extra!G8/NZ_Extra!F8)^2) -> 0.23395147 | H7: =H3*NZ_Extra!H8 -> 0.58994855 | I7: =H7*SQRT((I3/H3)^2+(NZ_Extra!I8/NZ_Extra!H8)^2) -> 0.55437869 | J7: =J3*NZ_Extra!J8 -> 0.24739712 | K7: =J7*SQRT((K3/J3)^2+(NZ_Extra!K8/NZ_Extra!J8)^2) -> 0.15495822 | L7: =L3*NZ_Extra!L8 -> 0.15226461 | M7: =L7*SQRT((M3/L3)^2+(NZ_Extra!M8/NZ_Extra!L8)^2) -> 0.20051387
A8: 6 | B8: Picophyto Mortality | C8: (mmol N m-2 d-1) | D8: =D11*NZ_Extra!D14 -> 0.67907805 | E8: =D8*SQRT((E11/D11)^2+(NZ_Extra!E14/NZ_Extra!D14)^2) -> 0.48623447 | F8: =F11*NZ_Extra!F14 -> 1.8898784 | G8: =F8*SQRT((G11/F11)^2+(NZ_Extra!G14/NZ_Extra!F14)^2) -> 0.73034638 | H8: =H11*NZ_Extra!H14 -> 3.4956498 | I8: =H8*SQRT((I11/H11)^2+(NZ_Extra!I14/NZ_Extra!H14)^2) -> 2.5146744 | J8: =J11*NZ_Extra!J14 -> 2.1195066 | K8: =J8*SQRT((K11/J11)^2+(NZ_Extra!K14/NZ_Extra!J14)^2) -> 1.2931693 | L8: =L11*NZ_Extra!L14 -> 1.249681 | M8: =L8*SQRT((M11/L11)^2+(NZ_Extra!M14/NZ_Extra!L14)^2) -> 0.93631571
A9: 7 | B9: Flagellate Mortality | C9: (mmol N m-2 d-1) | D9: =D11*NZ_Extra!D15 -> 0.65315059 | E9: =D9*SQRT((E11/D11)^2+(NZ_Extra!E15/NZ_Extra!D15)^2) -> 0.70067773 | F9: =F11*NZ_Extra!F15 -> 0.484364 | G9: =F9*SQRT((G11/F11)^2+(NZ_Extra!G15/NZ_Extra!F15)^2) -> 0.53471732 | H9: =H11*NZ_Extra!H15 -> 1.5734107 | I9: =H9*SQRT((I11/H11)^2+(NZ_Extra!I15/NZ_Extra!H15)^2) -> 1.7854607 | J9: =J11*NZ_Extra!J15 -> 2.2956994 | K9: =J9*SQRT((K11/J11)^2+(NZ_Extra!K15/NZ_Extra!J15)^2) -> 1.4378622 | L9: =L11*NZ_Extra!L15 -> 1.5922616 | M9: =L9*SQRT((M11/L11)^2+(NZ_Extra!M15/NZ_Extra!L15)^2) -> 2.3670614
A10: 8 | B10: Diatom Mortality | C10: (mmol N m-2 d-1) | D10: =D11*NZ_Extra!D16 -> 1.1294382 | E10: =D10*SQRT((E11/D11)^2+(NZ_Extra!E16/NZ_Extra!D16)^2) -> 0.69167129 | F10: =F11*NZ_Extra!F16 -> 0.0831399 | G10: =F10*SQRT((G11/F11)^2+(NZ_Extra!G16/NZ_Extra!F16)^2) -> 0.034881401 | H10: =H11*NZ_Extra!H16 -> 0.30286348 | I10: =H10*SQRT((I11/H11)^2+(NZ_Extra!I16/NZ_Extra!H16)^2) -> 0.26697517 | J10: =J11*NZ_Extra!J16 -> 0.18752559 | K10: =J10*SQRT((K11/J11)^2+(NZ_Extra!K16/NZ_Extra!J16)^2) -> 0.12099696 | L10: =L11*NZ_Extra!L16 -> 0.1359202 | M10: =L10*SQRT((M11/L11)^2+(NZ_Extra!M16/NZ_Extra!L16)^2) -> 0.13470708
A11: 9 | B11: Protistan Grazing Rate (14C) | C11: (mmol N m-2 d-1) | D11: 2.4616669 | E11: 0.11738151 | F11: 2.6936632 | G11: 0.60951549 | H11: 5.371924 | I11: 2.9742856 | J11: 4.6027316 | K11: 2.1767591 | L11: 2.9778627 | M11: 0.86612577
A12: 10 | B12: Mesozoo Grazing | C12: (mmol N m-2 d-1) | D12: 0.95678559 | E12: 0.18954805 | F12: 0.5606786 | G12: 0.24599088 | H12: 0.26710772 | I12: 0.10616426 | J12: 0.39431444 | K12: 0.12405842 | L12: 0.11835133 | M12: 0.036291902
A13: 11 | B13: VMMeso Grazing | C13: (mmol N m-2 d-1) | D13: NA | E13: NA | F13: 0.30423393 | G13: 0.16906794 | H13: 0.14567879 | I13: 0.041919748 | J13: 0.16858728 | K13: 0.12827915 | L13: 0.081962588 | M13: 0.038587288
A14: 12 | B14: Macrozoo Grazing | C14: (mmol N m-2 d-1) | D14: 0.029318503 | E14: 0.029955162 | F14: 0.026653435 | G14: 0.060445396 | H14: 0.0086358244 | I14: 0.012199522 | J14: 0.013488705 | K14: 0.016856884 | L14: 0.0097341595 | M14: 0.0092154497 | O14: =SUM(D11:D16) -> 6.1163908
A15: 13 | B15: VMMacro Grazing | C15: (mmol N m-2 d-1) | D15: 0.0094111235 | E15: 0.013073073 | F15: 0.016708837 | G15: 0.037687482 | H15: 0.0039000616 | I15: 0.0073649812 | J15: 0.0038653978 | K15: 0.0073795082 | L15: 3.4725143e-05 | M15: 0.004983912
A16: 14 | B16: Salp Autotroph Grazing | C16: (mmol N m-2 d-1) | D16: 2.6592087 | E16: 1.9074743 | F16: 1.7577646 | G16: 0.91975507 | H16: 0.024739266 | I16: 0.028097449 | J16: 1.5968294 | K16: 0.97512047 | L16: 0.0072143977 | M16: 0.016218315
A17: 15 | B17: Salp Heterotroph Grazing | C17: (mmol N m-2 d-1) | D17: =(D16/0.58499)*0.41501 -> 1.8865249 | E17: =D17*SQRT((E16/D16)^2+(0.17843/0.58499)^2+(0.17843/0.41501)^2) -> 1.6793412 | F17: =(F16/0.95928)*0.4072 -> 0.74614477 | G17: =F17*SQRT((G16/F16)^2+(0.30768/0.95928)^2+(0.30768/0.04072)^2) -> 5.6564312 | H17: =(H16/0.7689925)*0.23100747 -> 0.0074317438 | I17: =H17*SQRT((I16/H16)^2+(0.28703/0.76899)^2+(0.28703/0.23101)^2) -> 0.012814187 | J17: =(J16/0.81303)*0.18697 -> 0.36721793 | K17: =J17*SQRT((K16/J16)^2+(0.22065/0.81303)^2+(0.22065/0.18697)^2) -> 0.49802123 | L17: =(L16/0.94848)*0.05152 -> 0.00039187518 | M17: =L17*SQRT((M16/L16)^2+(0/0.94848)^2+(0/0.05152)^2) -> 0.00088095433
A18: 16 | B18: PicoTOSalp | C18: (mmol N m-2 d-1) | D18: =(D16+D17) * 0.0144398 -> 0.065639483 | E18: =D18*SQRT((SQRT((E16)^2+(E17^2))/(D16+D17))^2+(0.00000265298/0.0144398)^2) -> 0.036697114 | F18: =(F16+F17) * 0.02786716 -> 0.069776844 | G18: =F18*SQRT((SQRT((G16)^2+(G17^2))/(F16+F17))^2+(6.398304E-19/0.02786716)^2) -> 0.15969892 | H18: =(H16+H17) * 0.08979186 -> 0.0028886948 | I18: =H18*SQRT((SQRT((I16)^2+(I17^2))/(H16+H17))^2+(0/0.08979186)^2) -> 0.0027729117 | J18: =(J16+J17) * 0.0366902 -> 0.07206129 | K18: =J18*SQRT((SQRT((K16)^2+(K17^2))/(J16+J17))^2+(0/0.0366902)^2) -> 0.040173425 | L18: =(L16+L17) * 0.02808958 -> 0.00021365701 | M18: =L18*SQRT((SQRT((M16)^2+(M17^2))/(L16+L17))^2+(0.0000002335522/0.02808958)^2) -> 0.00045623722
A19: 17 | B19: DtmTOSalp | C19: (mmol N m-2 d-1) | D19: =(D16+D17) * 0.1836172 -> 0.83467486 | E19: =D19*SQRT((SQRT((E16)^2+(E17^2))/(D16+D17))^2+(0.001733872/0.1836172)^2) -> 0.46670883 | F19: =(F16+F17) * 0.09318711 -> 0.23333208 | G19: =F19*SQRT((SQRT((G16)^2+(G17^2))/(F16+F17))^2+(0.0006530248/0.09318711)^2) -> 0.53403183 | H19: =(H16+H17) * 0.0004796753 -> 1.5431639e-05 | I19: =H19*SQRT((SQRT((I16)^2+(I17^2))/(H16+H17))^2+(0.00001015141/0.0004796753)^2) -> 1.4816716e-05 | J19: =(J16+J17) * 0.000004663878 -> 9.1600772e-06 | K19: =J19*SQRT((SQRT((K16)^2+(K17^2))/(J16+J17))^2+(0/0.000004663878)^2) -> 5.1066484e-06 | L19: =(L16+L17) * 0.09488286 -> 0.00072170493 | M19: =L19*SQRT((SQRT((M16)^2+(M17^2))/(L16+L17))^2+(0.000609438/0.09488286)^2) -> 0.0015411155
A20: 18 | B20: OtherTOSalp | C20: (mmol N m-2 d-1) | D20: =(D16+D17) * 0.8019303 -> 3.6453615 | E20: =D20*SQRT((SQRT((E16)^2+(E17^2))/(D16+D17))^2+(0.001733677/0.8019303)^2) -> 2.0380301 | F20: =(F16+F17) * 0.8789064 -> 2.200702 | G20: =F20*SQRT((SQRT((G16)^2+(G17^2))/(F16+F17))^2+(0.0006530248/0.8789064)^2) -> 5.0367676 | H20: =(H16+H17) * 0.9097285 -> 0.029266884 | I20: =H20*SQRT((SQRT((I16)^2+(I17^2))/(H16+H17))^2+(0.00001015141/0.9097285)^2) -> 0.028093825 | J20: =(J16+J17) * 0.9633051 -> 1.8919768 | K20: =J20*SQRT((SQRT((K16)^2+(K17^2))/(J16+J17))^2+(0/0.9633051)^2) -> 1.0547575 | L20: =(L16+L17) * 0.8769906 -> 0.0066706299 | M20: =L20*SQRT((SQRT((M16)^2+(M17^2))/(L16+L17))^2+(0.0006094337/0.8769906)^2) -> 0.014244278
A21: 19 | B21: Salp Fecal Pellet Production | C21: (mmol N m-2 d-1) | D21: 0.95731512 | E21: 0.68669075 | F21: 0.63279526 | G21: 0.33111182 | H21: 0.0089061358 | I21: 0.010115082 | J21: 0.57485859 | K21: 0.35104337 | L21: 0.0025971832 | M21: 0.0058385932
A22: 20 | B22: Bacterial Production | C22: (mmol N m-2 d-1) | D22: 0.76851397 | E22: 0.15497851 | F22: 0.51195866 | G22: 0.17726619 | H22: 0.82093159 | I22: 0.1864646 | J22: 0.73073094 | K22: 0.19985947 | L22: 0.44078467 | M22: 0.10558125
A24: Inequality Inputs
A25: 1 | B25: Temperature (0-70) | C25: deg C | D25: 10.240493 | E25: 0.5896211 | F25: 9.897492 | G25: 0.4112118 | H25: 13.090224 | I25: 0.3273925 | J25: 12.122057 | K25: 0.5916513 | L25: 10.688394 | M25: 0.5750481
A26: 2 | B26: Temperature (200) | C26: deg C | D26: 9.397415 | F26: 7.915702 | H26: 11.465439 | J26: 9.652742 | L26: 7.9416
A27: 3 | B27: Temperature (bottom 100) | C27: deg C | D27: 5.73695 | F27: 2.882 | H27: 4.9304 | J27: 8.341335 | L27: 1.8084
A28: 4 | B28: Bottom Depth | C28: m | D28: 884.2632 | F28: 1501.6923 | H28: 1046.5 | J28: 449.5 | L28: 2635.1
A29: 5 | B29: Salp FP Flux | C29: (mmol N m-2 d-1) | D29: 0.32656759 | E29: 0.16437855 | F29: 0.31045976 | G29: 0.078558799 | H29: 0.0073162576 | I29: 0.0070528902 | J29: 0.47390571 | K29: 0.16146131 | L29: 0.00019337845 | M29: 0.00061151635
A30: 6 | B30: Pico Biomass | C30: (mmol N m-2) | D30: 2.4323502 | F30: 3.7253042 | H30: 4.8385682 | J30: 1.3939279 | L30: 8.6175825
A31: 7 | B31: Diatom Biomass | C31: (mmol N m-2) | D31: 8.4716316 | F31: 1.1232474 | H31: 0.51240455 | J31: 0.35273312 | L31: 0.46975683
A32: 8 | B32: Flag Biomass | C32: (mmol N m-2) | D32: 5.3577987 | F32: 3.4577517 | H32: 4.2948953 | J32: 3.9405854 | L32: 3.0408447
A33: 9 | B33: HNF Biomass | C33: (mmol N m-2) | D33: 0.9080092 | F33: 1.1168358 | H33: 2.0222311 | J33: 1.7585174 | L33: 0.81948829
A34: 10 | B34: MIC Biomass | C34: (mmol N m-2) | D34: 1.0521292 | F34: 0.20896668 | H34: 0.26691986 | J34: 2.3268684 | L34: 0.55378937
A35: 11 | B35: Meso Daytime Biomass | C35: (mmol N m-2) | D35: 9.913779 | E35: 1.6349767 | F35: 4.799307 | G35: 0.009130156 | H35: 13.576253 | I35: 7.2571895 | J35: 6.611693 | K35: 1.9186138 | L35: 1.1752714 | M35: 0.6314741
A36: 12 | B36: Meso Nighttime Biomass | C36: (mmol N m-2) | D36: 8.444529 | E36: 0.17518244 | F36: 20.486217 | G36: 5.1290183 | H36: 29.446911 | I36: 5.2590703 | J36: 11.317663 | K36: 6.5195917 | L36: 11.495678 | M36: 3.3280949
A37: 13 | B37: Macro Daytime Biomass | C37: (mmol N m-2) | D37: 0.2395441 | E37: 0.3387665 | F37: 0.7909605 | G37: 0.742375 | H37: 0.4689034 | I37: 0.3975926 | J37: 0.2321389 | K37: 0.1309799 | L37: 1.2055297 | M37: 0.8594286
A38: 14 | B38: Macro Nighttime Biomass | C38: (mmol N m-2) | D38: 4.1319075 | E38: 2.6204844 | F38: 3.9163574 | G38: 2.8763821 | H38: 2.7364645 | I38: 0.3570634 | J38: 1.4814089 | K38: 0.6263969 | L38: 1.2412796 | M38: 0.5305407
A39: 15 | B39: Amph Biomass | C39: (mmol N m-2) | D39: =AVERAGE(NZ_Extra!D18:D19) -> 0.32219336 | E39: =SQRT((NZ_Extra!E18)^2+(NZ_Extra!E19)^2)/2 -> 0.4232218 | F39: =AVERAGE(NZ_Extra!F18:F19) -> 0.013295856 | G39: =SQRT((NZ_Extra!G18)^2+(NZ_Extra!G19)^2)/2 -> 0.018296867 | H39: =AVERAGE(NZ_Extra!H18:H19) -> 0.00035641925 | I39: =SQRT((NZ_Extra!I18)^2+(NZ_Extra!I19)^2)/2 -> 0.00036584107 | J39: 0.004619734 | L39: 0.00035641925
A40: 16 | B40: Gel Biomass | C40: (mmol N m-2) | D40: =AVERAGE(NZ_Extra!D20:D21) -> 0.03630691 | E40: =SQRT((NZ_Extra!E20)^2+(NZ_Extra!E21)^2)/2 -> 0.0017120843 | F40: =AVERAGE(NZ_Extra!F20:F21) -> 1.5563309 | G40: =SQRT((NZ_Extra!G20)^2+(NZ_Extra!G21)^2)/2 -> 0.017630145 | H40: =AVERAGE(NZ_Extra!H20:H21) -> 0.040146445 | I40: =SQRT((NZ_Extra!I20)^2+(NZ_Extra!I21)^2)/2 -> 0.0014188024 | J40: =J41*0.1 -> 0.76321475 | L40: 0.024393612
A41: 17 | B41: Salp Daytime Biomass | C41: (mmol N m-2) | D41: 10.558088 | E41: 8.4812445 | F41: 3.5113963 | G41: 3.2785496 | H41: 0.075097617 | I41: 0.093705091 | J41: 7.6321475 | K41: 8.6550229 | L41: 0.001770607 | M41: 0.004337083
A42: 18 | B42: Salp Nighttime Biomass | C42: (mmol N m-2) | D42: 18.989587 | E42: 18.100778 | F42: 12.853549 | G42: 15.547954 | H42: 0.1207422 | I42: 0.17997649 | J42: 16.973082 | K42: 11.787042 | L42: 0.072586196 | M42: 0.15708615
A43: 19 | B43: Myct Biomass | C43: (mmol N m-2) | D43: 1.5434567 | F43: 1.4416238 | H43: 1.3536079 | J43: 1.3335088 | L43: 0.44393055
A44: 20 | B44: PiscivFish Biomass | C44: (mmol N m-2) | D44: 0.6595263 | F44: 0.62000116 | H44: 0.48131484 | J44: 0.35730974 | L44: 0.27148468
A45: 21 | B45: GelativFish Biomass | C45: (mmol N m-2) | D45: 10.780903 | F45: 7.0893788 | H45: 0.089044241 | J45: 9.5119238 | L45: 0.044824426
A46: 22 | B46: Myct Min Meso Consumption | C46: (mmol N m-2 d-1) | D46: 0.0088048871 | F46: 0.0046036221 | H46: 0.013022701 | J46: 0.0063421107 | L46: 0.0011273514
A47: 23 | B47: Myct Max Meso Consumption | C47: (mmol N m-2 d-1) | D47: 0.035219548 | F47: 0.018414488 | H47: 0.052090803 | J47: 0.025368443 | L47: 0.0045094056
A48: 24 | B48: Myct Min VMMeso Consumption | C48: (mmol N m-2 d-1) | D48: NA | F48: 0.015047299 | H48: 0.015223555 | J48: 0.0045140908 | L48: 0.0098996068
A49: 25 | B49: Myct Max VMMeso Consumption | C49: (mmol N m-2 d-1) | D49: NA | F49: 0.060189195 | H49: 0.060894218 | J49: 0.018056363 | L49: 0.039598427
A50: 26 | B50: Myct Min Macro Consumption | C50: (mmol N m-2 d-1) | D50: 0.00067068114 | F50: 0.0022145496 | H50: 0.0013128466 | J50: 0.00064994789 | L50: 0.0033752701
A51: 27 | B51: Myct Max Macro Consumption | C51: (mmol N m-2 d-1) | D51: 0.0026827246 | F51: 0.0088581984 | H51: 0.0052513866 | J51: 0.0025997916 | L51: 0.01350108
A52: 28 | B52: Myct Min VMMacro Consumption | C52: (mmol N m-2 d-1) | D52: 0.01089793 | F52: 0.0087505589 | H52: 0.0063487703 | J52: 0.0034977352 | L52: 0.0001000934
A53: 29 | B53: Myct Max VMMacro Consumption | C53: (mmol N m-2 d-1) | D53: 0.043591718 | F53: 0.035002236 | H53: 0.025395081 | J53: 0.013990941 | L53: 0.0004003736
A54: 30 | B54: Myct Min Amph Consumption | C54: (mmol N m-2 d-1) | D54: 0.00090208445 | F54: 3.7226046e-05 | H54: 9.979109e-07 | J54: 1.2935183e-05 | L54: 9.979109e-07
A55: 31 | B55: Myct Max Amph Consumption | C55: (mmol N m-2 d-1) | D55: 0.0036083378 | F55: 0.00014890419 | H55: 3.9916436e-06 | J55: 5.1740734e-05 | L55: 3.9916436e-06
A56: 32 | B56: Myct Min Salp Consumption | C56: (mmol N m-2 d-1) | D56: 0.037009217 | F56: 0.019473429 | H56: 0.00024753848 | J56: 0.030310234 | L56: 8.2263064e-05
A57: 33 | B57: Myct Max Salp Consumption | C57: (mmol N m-2 d-1) | D57: 0.14803687 | F57: 0.077893718 | H57: 0.00099015391 | J57: 0.12124093 | L57: 0.00032905226
A58: 34 | B58: Myct Min Gel Consumption | C58: (mmol N m-2 d-1) | D58: 9.2304947e-05 | F58: 0.004091664 | H58: 6.4158541e-05 | J58: 0.0020073593 | L58: 6.4158541e-05
A59: 35 | B59: Myct Max Gel Consumption | C59: (mmol N m-2 d-1) | D59: 0.00036921979 | F59: 0.016366656 | H59: 0.00025663417 | J59: 0.0080294374 | L59: 0.00025663417
A60: 36 | B60: PiscivFish Min Myct Consumption | C60: (mmol N m-2 d-1) | D60: 0.0015984291 | F60: 0.0014929693 | H60: 0.0014018186 | J60: 0.0013810036 | L60: 0.00045974178
A61: 37 | B61: PiscivFish Max Myct Consumption | C61: (mmol N m-2 d-1) | D61: 0.0063937163 | F61: 0.005971877 | H61: 0.0056072744 | J61: 0.0055240146 | L61: 0.0018389671
... A82: 58 | B82: Salp Basal Respiration | C82: (mmol N m-2 d-1) | D82: 0.029054885 | F82: 0.012487661 | H82: 0.00017076905 | J82: 0.023186059 | L82: 0.0001258873
A84: δ15N Values
A85: 1 | B85: Shallow SedTrap | C85: δ 15NAIR (‰) | D85: 3.5960812 | E85: 0.38050683 | F85: 0.57160202 | G85: 0.23901983 | H85: 6.9638938 | I85: 0.14862613 | J85: 6.9932794 | K85: 0.36404257 | L85: 3.9811394 | M85: 2.18583
A86: 2 | B86: PON | C86: δ 15NAIR (‰)
A87: 3 | B87: Meso | C87: δ 15NAIR (‰) | D87: 6.534452 | E87: 0.7506496 | F87: 4.013099 | G87: 0.6753015 | H87: 9.131342 | I87: 0.4502469 | J87: 9.731341 | K87: 0.3558062 | L87: 4.515234 | M87: 0.3374372
A88: 4 | B88: Macro | C88: δ 15NAIR (‰) | D88: 6.095181 | E88: 1.4836384 | F88: 4.433093 | G88: 0.7529901 | H88: 8.993213 | I88: 0.5743025 | J88: 10.505179 | K88: 0.3846145 | L88: 6.581057 | M88: 1.1969808
A89: 5 | B89: Salp | C89: δ 15NAIR (‰) | D89: 2.78 | E89: 1.33 | F89: 1.13 | G89: 0.55 | H89: NaN | I89: NaN | J89: 7.75 | K89: 0.47 | L89: NaN | M89: NaN

Sheet NZ_Extra
C1: units | D1: Cycle 1 | E1: σ | F1: Cycle 2 | G1: σ | H1: Cycle 3 | I1: σ | J1: Cycle 4 | K1: σ | L1: Cycle 5 | M1: σ
B2: Pico Fcyt NPP | C2: (mmol N m-2 d-1) | D2: 1.7962238 | E2: 1.0500833 | F2: 1.941133 | G2: 0.25928628 | H2: 2.8889079 | I2: 1.166368 | J2: 1.4407557 | K2: 0.64308169 | L2: 1.5787136 | M2: 0.93205888
B3: Flag Fcyt NPP | C3: (mmol N m-2 d-1) | D3: 1.3950298 | E3: 0.39484143 | F3: 0.21738205 | G3: 0.30950426 | H3: 1.2095219 | I3: 1.2899133 | J3: 0.8272175 | K3: 0.72680912 | L3: 0.090416854 | M3: 1.8964932
B4: Diatom Fcyt NPP | C4: (mmol N m-2 d-1) | D4: 2.7027519 | E4: 1.297239 | F4: 0.38416626 | G4: 0.22715137 | H4: 0.27498052 | I4: 0.18507877 | J4: 0.10310345 | K4: 0.042943839 | L4: 0.091402289 | M4: 0.046373485
B5: Summed Fcyt NPP | C5: (mmol N m-2 d-1) | D5: =SUM(D2:D4) -> 5.8940055 | E5: =SQRT((E2)^2+(E3)^2+(E4)^2) -> 1.7150521 | F5: =SUM(F2:F4) -> 2.5426813 | G5: =SQRT((G2)^2+(G3)^2+(G4)^2) -> 0.46327099 | H5: =SUM(H2:H4) -> 4.3734104 | I5: =SQRT((I2)^2+(I3)^2+(I4)^2) -> 1.7488696 | J5: =SUM(J2:J4) -> 2.3710766 | K5: =SQRT((K2)^2+(K3)^2+(K4)^2) -> 0.97141635 | L5: =SUM(L2:L4) -> 1.7605327 | M5: =SQRT((M2)^2+(M3)^2+(M4)^2) -> 2.1136628
B6: Pico Prop | D6: =D2/D5 -> 0.30475434 | E6: =D6*SQRT((E2/D2)^2+(E5/D5)^2) -> 0.19901066 | F6: =F2/F5 -> 0.7634197 | G6: =F6*SQRT((G2/F2)^2+(G5/F5)^2) -> 0.17246908 | H6: =H2/H5 -> 0.66056183 | I6: =H6*SQRT((I2/H2)^2+(I5/H5)^2) -> 0.37536865 | J6: =J2/J5 -> 0.60763776 | K6: =J6*SQRT((K2/J2)^2+(K5/J5)^2) -> 0.36814921 | L6: =L2/L5 -> 0.89672493 | M6: =L6*SQRT((M2/L2)^2+(M5/L5)^2) -> 1.199722
B7: Flag Prop | D7: =D3/D5 -> 0.23668621 | E7: =D7*SQRT((E3/D3)^2+(E5/D5)^2) -> 0.096078059 | F7: =F3/F5 -> 0.085493236 | G7: =F7*SQRT((G3/F3)^2+(G5/F5)^2) -> 0.12271619 | H7: =H3/H5 -> 0.27656264 | I7: =H7*SQRT((I3/H3)^2+(I5/H5)^2) -> 0.31499721 | J7: =J3/J5 -> 0.34887843 | K7: =J7*SQRT((K3/J3)^2+(K5/J5)^2) -> 0.33821797 | L7: =L3/L5 -> 0.051357668 | M7: =L7*SQRT((M3/L3)^2+(M5/L5)^2) -> 1.0789901
B8: Diatom Prop | D8: =D4/D5 -> 0.45855945 | E8: =D8*SQRT((E4/D4)^2+(E5/D5)^2) -> 0.25738288 | F8: =G4/F5 -> 0.08933537 | G8: =F8*SQRT((G4/F4)^2+(G5/F5)^2) -> 0.055273465 | H8: =H4/H5 -> 0.062875535 | I8: =H8*SQRT((I4/H4)^2+(I5/H5)^2) -> 0.049224806 | J8: =J4/J5 -> 0.043483812 | K8: =J8*SQRT((K4/J4)^2+(K5/J5)^2) -> 0.025404808 | L8: =L4/L5 -> 0.051917405 | M8: =L8*SQRT((M4/L4)^2+(M5/L5)^2) -> 0.067668231
B10: Pico Fcyt Mort | C10: (mmol N m-2 d-1) | D10: 1.1064976 | E10: 0.66792432 | F10: 1.6410396 | G10: 0.33256632 | H10: 2.1673371 | I10: 0.66886728 | J10: 0.89024825 | K10: 0.2789012 | L10: 0.7270511 | M10: 0.040511997
B11: Flag Fcyt Mort | C11: (mmol N m-2 d-1) | D11: 1.0642511 | E11: 1.0655908 | F11: 0.42058819 | G11: 0.44320636 | H11: 0.97553008 | I11: 0.9075313 | J11: 0.96425383 | K11: 0.33148356 | L11: 0.92636085 | M11: 1.190555
B12: Diatom Fcyt Mort | C12: (mmol N m-2 d-1) | D12: 1.8403196 | E12: 0.8762894 | F12: 0.27736292 | G12: 0.072192936 | H12: 0.18777833 | I12: 0.11184922 | J12: 0.078765655 | K12: 0.02970335 | L12: 0.079076927 | M12: 0.051489207
B13: Summed Fcyt Mort | C13: (mmol N m-2 d-1) | D13: =SUM(D10:D12) -> 4.0110683 | E13: =SQRT((E10)^2+(E11)^2+(E12)^2) -> 1.5328045 | F13: =SUM(F10:F12) -> 2.3389908 | G13: =SQRT((G10)^2+(G11)^2+(G12)^2) -> 0.55878802 | H13: =SUM(H10:H12) -> 3.3306455 | I13: =SQRT((I10)^2+(I11)^2+(I12)^2) -> 1.1329196 | J13: =SUM(J10:J12) -> 1.9332677 | K13: =SQRT((K10)^2+(K11)^2+(K12)^2) -> 0.43422289 | L13: =SUM(L10:L12) -> 1.7324889 | M13: =SQRT((M10)^2+(M11)^2+(M12)^2) -> 1.1923563
B14: Pico Prop | D14: =D10/D13 -> 0.27586106 | E14: =D14*SQRT((E10/D10)^2+(E13/D13)^2) -> 0.19708396 | F14: =F10/F13 -> 0.70160159 | G14: =F14*SQRT((G10/F10)^2+(G13/F13)^2) -> 0.21979651 | H14: =H10/H13 -> 0.65072584 | I14: =H14*SQRT((I10/H10)^2+(I13/H13)^2) -> 0.29886938 | J14: =J10/J13 -> 0.46048886 | K14: =J14*SQRT((K10/J10)^2+(K13/J13)^2) -> 0.17750937 | L14: =L10/L13 -> 0.41965701 | M14: =L14*SQRT((M10/L10)^2+(M13/L13)^2) -> 0.28976693
B15: Flag Prop | D15: =D11/D13 -> 0.26532859 | E15: =D15*SQRT((E11/D11)^2+(E13/D13)^2) -> 0.28435416 | F15: =F11/F13 -> 0.1798161 | G15: =F15*SQRT((G11/F11)^2+(G13/F13)^2) -> 0.19429467 | H15: =H11/H13 -> 0.2928952 | I15: =H15*SQRT((I11/H11)^2+(I13/H13)^2) -> 0.29012181 | J15: =J11/J13 -> 0.4987689 | K15: =J15*SQRT((K11/J11)^2+(K13/J13)^2) -> 0.20481553 | L15: =L11/L13 -> 0.53469945 | M15: =L15*SQRT((M11/L11)^2+(M13/L13)^2) -> 0.77952376
B16: Diatom Prop | D16: =D12/D13 -> 0.45881035 | E16: =D16*SQRT((E12/D12)^2+(E13/D13)^2) -> 0.28012377 | F16: =G12/F13 -> 0.030864994 | G16: =F16*SQRT((G12/F12)^2+(G13/F13)^2) -> 0.010904618 | H16: =H12/H13 -> 0.056378958 | I16: =H16*SQRT((I12/H12)^2+(I13/H13)^2) -> 0.038671818 | J16: =J12/J13 -> 0.040742239 | K16: =J16*SQRT((K12/J12)^2+(K13/J13)^2) -> 0.017883011 | L16: =L12/L13 -> 0.045643541 | M16: =L16*SQRT((M12/L12)^2+(M13/L13)^2) -> 0.043244279
B18: Amph Daytime Biomass | C18: (mmol N m-2) | D18: 0.003064117 | E18: 0.003704478 | F18: 0.02642608 | G18: 0.03659327 | H18: 0.0004389118 | I18: 0.000620715 | J18: 0.02967617 | K18: 0.01790841 | L18: 0.01862935 | M18: 0.01426321
B19: Amph Nighttime Biomass | C19: (mmol N m-2) | D19: 0.6413226 | E19: 0.8464355 | F19: 0.0001656318 | G19: 0.0001841023 | H19: 0.0002739267 | I19: 0.0003873908 | J19: 0.0376158 | L19: 0.6280447 | M19: 0.2319982
B20: Gel Daytime Biomass | C20: (mmol N m-2) | D20: 0.03462189 | E20: 0.003075784 | F20: 0.05992981 | G20: 0.001704847 | H20: 0.06936239 | I20: 0.002812996 | J20: 0.1060024 | K20: 0.002221497 | L20: 0.05500523 | M20: 0.003580171
B21: Gel Nighttime Biomass | C21: (mmol N m-2) | D21: 0.03799193 | E21: 0.00150482 | F21: 3.052732 | G21: 0.03521905 | H21: 0.0109305 | I21: 0.0003728997 | J21: 0.1094327 | L21: 0.101454 | M21: 0.008102381

Sheet Biom_comp
A1: Zeldis et al. 2002 CR spring
B2: Phyto NPP (mg C m-2 d-1) | C2: HNF Biom (mg C m-2) | D2: Mic Biom | E2: Mes Biom | J2: Total Myct Prey
A3: 35704
A4: ST | B4: 1391 | C4: 320 | D4: 193 | E4: =1228*0.47 -> 577.16 | J4: =E4 -> 577.16
A5: SA | B5: 439 | C5: 183 | D5: 170 | E5: =566*0.47 -> 266.02 | J5: =E5 -> 266.02
A6: 36008
A7: ST | B7: 602 | C7: 372 | D7: 98 | E7: =634*0.47 -> 297.98 | J7: =E7 -> 297.98
A8: SA | B8: 317 | C8: 750 | D8: 128 | E8: 594 | J8: =E8 -> 594
A10: Bradford-Grieve 1998 CR spring
B11: Phyto NPP (mg C m-2 d-1) | C11: HNF Biom (mg C m-2) | D11: Mic Biom | E11: Mes Biom
A12: ST | B12: =(625+1317)/2 -> 971 | D12: 1014 | E12: =(14365+8646)/2*0.47 -> 5407.585
A13: STC | B13: =(977+995)/2 -> 986 | D13: =(506+436)/2 -> 471 | E13: =(2295+1224)/2*0.47 -> 826.965 | F13: =(11.7+11.9)/2 -> 11.8 | G13: =F13/E13*365 -> 5.2082011
A14: SA | B14: =(230+271)/2 -> 250.5 | D14: =(621+652)/2 -> 636.5 | E14: =(889+568)/2*0.47 -> 342.395
A16: Zeldis et al. 2020 CR summer
B17: Phyto NPP (mg C m-2 d-1) | C17: HNF Biom (mg C m-2) | D17: Mic Biom | E17: Mes Biom
A18: SA | B18: 812 | C18: 125 | D18: 187 | E18: 45
A19: ST | B19: 519 | C19: 81 | D19: 204 | E19: 44
A21: Bradford-Grieve 2003 Southern Plateau
B22: Phyto NPP (mg C m-2 d-1) | C22: HNF Biom (mg C m-2) | D22: Mic Biom | E22: Mes Biom | F22: Macro Biom | J22: Total Myct Prey
A23: Annual Average | B23: 851 | C23: 301 | D23: 167 | E23: 1058 | F23: 311 | J23: =SUM(E23,F23,H23) -> 1369
A25: Pinkerton 2011 LIEM inputs
B26: Phyto NPP (mg C m-2 d-1) | C26: HNF Biom (mg C m-2) | D26: Mic Biom | E26: Mes Biom | F26: Macro Biom | G26: Myct Biom | H26: Salp Biom | J26: Total Myct Prey
A27: Annual Average | B27: 305 | C27: 480 | D27: 260 | E27: 1700 | F27: 310 | G27: 120 | H27: 50 | J27: =SUM(E27,F27,H27) -> 2060
A29: Tan1810
B30: Phyto NPP (mg C m-2 d-1) | C30: HNF Biom (mg C m-2) | D30: Mic Biom | E30: Mes Biom | F30: Macro Biom | G30: Myct Biom | H30: Salp Biom | J30: Total Myct Prey | L30: My Zoo:Zeldis Spring Zoo
A31: C1-SASC | B31: =InputsNZ_C!D3 -> 554.5236 | C31: =InputsNZ_C!D46 -> 72.186731 | D31: =InputsNZ_C!D47 -> 83.644271 | E31: =InputsNZ_C!D48 -> 788.14543 | F31: =InputsNZ_C!D51 -> 328.48665 | G31: =InputsNZ_C!D56 -> 425.71597 | H31: =InputsNZ_C!D55 -> 2006.8059 | J31: =SUM(E31,F31,H31) -> 3123.438 | L31: =SUM(E31:F31)/E5 -> 4.1975493
A32: C2-SA | B32: =InputsNZ_C!F3 -> 321.44477 | C32: =InputsNZ_C!F46 -> 88.788444 | D32: =InputsNZ_C!F47 -> 16.612851 | E32: =InputsNZ_C!F49 -> 1628.6543 | F32: =InputsNZ_C!F51 -> 311.35041 | G32: =InputsNZ_C!F56 -> 424.76796 | H32: =InputsNZ_C!F55 -> 1021.8572 | J32: =SUM(E32,F32,H32) -> 2961.8618 | L32: =SUM(E32:F32)/E5 -> 7.2927023
A33: C3-ST | B33: =InputsNZ_C!H3 -> 780.99324 | C33: =InputsNZ_C!H46 -> 160.76738 | D33: =InputsNZ_C!H47 -> 21.220129 | E33: =InputsNZ_C!H49 -> 2341.0294 | F33: =InputsNZ_C!H51 -> 217.54893 | G33: =InputsNZ_C!H56 -> 353.86202 | H33: =InputsNZ_C!H55 -> 9.5990046 | J33: =SUM(E33,F33,H33) -> 2568.1774 | L33: =SUM(E33:F33)/E4 -> 4.4330486
A34: C4-ST | B34: =InputsNZ_C!J3 -> 452.30789 | C34: =InputsNZ_C!J46 -> 139.80214 | D34: =InputsNZ_C!J47 -> 184.98604 | E34: =InputsNZ_C!J49 -> 899.75421 | F34: =InputsNZ_C!J51 -> 117.77201 | G34: =InputsNZ_C!J56 -> 327.26485 | H34: =InputsNZ_C!J55 -> 1349.36 | J34: =SUM(E34,F34,H34) -> 2366.8862 | L34: =SUM(E34:F34)/E4 -> 1.7629881
A35: C5-SA | B35: =InputsNZ_C!L3 -> 251.38061 | C35: =InputsNZ_C!L46 -> 65.149319 | D35: =InputsNZ_C!L47 -> 44.026255 | E35: =InputsNZ_C!L49 -> 913.9064 | F35: =InputsNZ_C!L51 -> 98.681728 | G35: =InputsNZ_C!L56 -> 144.5344 | H35: =InputsNZ_C!L55 -> 5.7706026 | J35: =SUM(E35,F35,H35) -> 1018.3587 | L35: =SUM(E35:F35)/E5 -> 3.8064361

Sheet InputsGoM
A1: Approximate Equalities
C2: units | D2: Cycle 1 | E2: σ | F2: Cycle 2 | G2: σ | H2: Cycle 3 | I2: σ | J2: Cycle 4 | K2: σ | L2: Cycle 5 | M2: σ
A3: 1 | B3: NPP (shallow) | C3: (mmol N m-2 d-1) | D3: 2.2329248 | E3: 0.13172254 | F3: 1.9283162 | G3: 0.14673387 | H3: 2.4606589 | I3: 0.25933511 | J3: 2.3995215 | K3: 0.11430696 | L3: 3.0786664 | M3: 0.14435739
A4: 2 | B4: NPP (deep) | C4: (mmol N m-2 d-1) | D4: 1.6382198 | E4: 0.069593666 | F4: 1.7470766 | G4: 0.080316618 | H4: 1.3029279 | I4: 0.079118249 | J4: 1.9238949 | K4: 0.053269012 | L4: 1.3401135 | M4: 0.049844449
A5: 3 | B5: f-ratio (shallow) | C5: (mmol N m-2 d-1) | D5: 0.062294146 | E5: 0.041992261 | F5: 0.01219571 | G5: 0.0044924266 | H5: 0.038778995 | I5: 0.038778995 | J5: 0.055621528 | K5: 0.01730513 | L5: 0.13742101 | M5: 0.03689724
A6: 4 | B6: f-ratio (deep) | C6: (mmol N m-2 d-1) | D6: 0.43983739 | E6: 0.29649281 | F6: 0.026383357 | G6: 0.0097186054 | H6: 0.072350572 | I6: 0.072350572 | J6: 0.067714922 | K6: 0.021067662 | L6: 0.08793973 | M6: 0.023611625
A7: 5 | B7: Protistan Grazing Rate (shallow) | C7: (mmol N m-2 d-1) | D7: 1.723072 | E7: 0.60188276 | F7: 1.8606081 | G7: 0.91678692 | H7: 1.9843654 | I7: 0.53716303 | J7: 1.753319 | K7: 0.36945195 | L7: 2.5784524 | M7: 0.14195563
A8: 6 | B8: Protistan Grazing Rate (deep) | C8: (mmol N m-2 d-1) | D8: 1.4401792 | E8: 0.48465547 | F8: 2.8732688 | G8: 1.4157604 | H8: 0.6111834 | I8: 0.17647198 | J8: 1.1788914 | K8: 0.21341762 | L8: 0.65577444 | M8: 0.18287541
A9: 7 | B9: Picophyto NPP (shallow) | C9: (mmol N m-2 d-1) | D9: 1.147709 | E9: 0.21039802 | L9: 2.3767991 | M9: 0.37262912
A10: 8 | B10: Picophyto NPP (deep) | C10: (mmol N m-2 d-1) | D10: 0.78221536 | E10: 0.15006335 | L10: 1.0164363 | M10: 0.17072999
A11: 9 | B11: Flagellate NPP (shallow) | C11: (mmol N m-2 d-1) | D11: 1.0075775 | E11: 0.37100501 | L11: 0.69307865 | M11: 0.17378771
A12: 10 | B12: Flagellate NPP (deep) | C12: (mmol N m-2 d-1) | D12: 0.83287425 | E12: 0.34955766 | L12: 0.32034754 | M12: 0.13453466
A13: 11 | B13: Diatom NPP (shallow) | C13: (mmol N m-2 d-1) | D13: 0.077638331 | E13: 0.027224847 | L13: 0.0087886314 | M13: 0.0019691453
A14: 12 | B14: Diatom NPP (deep) | C14: (mmol N m-2 d-1) | D14: 0.023130147 | E14: 0.017051733 | L14: 0.0033296153 | M14: 0.001551409
A15: 13 | B15: Picophyto Mortality (shallow) | C15: (mmol N m-2 d-1) | D15: 0.70857998 | E15: 0.31922056 | L15: 1.6032266 | M15: 0.12427733
A16: 14 | B16: Picophyto Mortality (deep) | C16: (mmol N m-2 d-1) | D16: 0.43324558 | E16: 0.068085926 | L16: 0.34152828 | M16: 0.094361057
A17: 15 | B17: Flagellate Mortality (shallow) | C17: (mmol N m-2 d-1) | D17: 0.85893448 | E17: 0.26197643 | L17: 0.18742381 | M17: 0.11148251
A18: 16 | B18: Flagellate Mortality (deep) | C18: (mmol N m-2 d-1) | D18: 0.60031879 | E18: 0.16713771 | L18: 0.035968037 | M18: 0.021486961 | P18: =SUM(D15,D17,D19) -> 1.60886
A19: 17 | B19: Diatom Mortality (shallow) | C19: (mmol N m-2 d-1) | D19: 0.041345588 | E19: 0.015944957 | L19: 0.0097847636 | M19: 0.0044883973 | P19: =SUM(D16,D18,D20) -> 1.0410446
A20: 18 | B20: Diatom Mortality (deep) | C20: (mmol N m-2 d-1) | D20: 0.0074801872 | E20: 0.0057976766 | L20: 0.0037504794 | M20: 0.00088941517
A21: 19 | B21: NVM Mesozoo Grazing | C21: (mmol N m-2 d-1) | D21: 0.39262737 | E21: 0.10410631 | F21: 0.14526121 | G21: 0.016449862 | H21: 0.45533492 | I21: 0.053561542 | J21: 0.20755597 | K21: 0.040408163 | L21: 0.52233099 | M21: 0.10268711
A22: 20 | B22: VM Mesozoo Grazing | C22: (mmol N m-2 d-1) | D22: 0.028318441 | E22: 0.05788828 | F22: 0.13048976 | G22: 0.062108398 | H22: 0.08566292 | I22: 0.046799843 | J22: 0.02447408 | K22: 0.022821176 | L22: 0.1457047 | M22: 0.080998094
A23: 21 | B23: SedTrap Flux (shallow) | C23: (mmol N m-2 d-1) | D23: 1.5254872 | E23: 0.54896819 | F23: 0.82116704 | G23: 0.048665046 | H23: 0.97972777 | I23: 0.25826531 | J23: 0.5867111 | K23: 0.041525241 | L23: 1.0789254 | M23: 0.072986394
A24: 22 | B24: SedTrap Flux (deep) | C24: (mmol N m-2 d-1) | D24: 0.46220361 | E24: 0.023855849 | F24: 0.51737967 | G24: 0.17613659 | H24: 1.1437933 | I24: 0.17605707 | J24: 0.47090312 | K24: 0.095136531 | L24: 0.87099463 | M24: 0.18499252
A25: 23 | B25: Thorium Flux (shallow) | C25: (mmol N m-2 d-1) | D25: NaN | E25: NaN | F25: NaN | G25: NaN | H25: NaN | I25: NaN | J25: NaN | K25: NaN | L25: NaN | M25: NaN
A26: 24 | B26: Thorium Flux (deep) | C26: (mmol N m-2 d-1) | D26: NaN | E26: NaN | F26: NaN | G26: NaN | H26: NaN | I26: NaN | J26: NaN | K26: NaN | L26: NaN | M26: NaN
A27: 25 | B27: Chl Sinking (shallow) | C27: (mmol N m-2 d-1) | D27: 0.024215547 | E27: 0.016283247 | F27: 0.021892051 | G27: 0.0098242137 | H27: NaN | I27: NaN | J27: 0.0062693574 | K27: 0.004368352 | L27: 0.026825777 | M27: 0.017142775
A28: 26 | B28: Chl Sinking (deep) | C28: (mmol N m-2 d-1) | D28: 0.019431071 | E28: 0.01073278 | F28: 0.060639853 | G28: 0.023479797 | H28: NaN | I28: NaN | J28: 0.015659181 | K28: 0.020799846 | L28: 0.045497096 | M28: 0.035031316
A29: 27 | B29: Fecal Pellet Sinking (shallow) | C29: (mmol N m-2 d-1) | D29: 0.032490633 | E29: 0.031548741 | F29: 0.006161405 | G29: 0.0053418972 | H29: NaN | I29: NaN | J29: 0.0042087847 | K29: 0.0028798977 | L29: 0.019904471 | M29: 0.017051591
A30: 28 | B30: Fecal Pellet Sinking (deep) | C30: (mmol N m-2 d-1) | D30: 0.13285093 | E30: 0.063483055 | F30: 0.088514769 | G30: 0.060200143 | H30: NaN | I30: NaN | J30: 0.14496991 | K30: 0.1373382 | L30: 0.24599805 | M30: 0.19890878
A31: 29 | B31: Microzoo to Preflex | C31: (mmol N m-2 d-1) | D31: 3.4022642e-07 | E31: 1.6323076e-07 | L31: 0 | M31: 1e-08
A32: 30 | B32: Microzoo to Postflex | C32: (mmol N m-2 d-1) | D32: 5.4470126e-06 | E32: 8.8447287e-07 | L32: 0 | M32: 1e-08
A33: 31 | B33: Appendicularian to Preflex | C33: (mmol N m-2 d-1) | D33: 7.6550943e-07 | E33: 3.1597126e-07 | L33: 4.2528302e-08 | M33: 3.0265243e-08
A34: 32 | B34: Appendicularian to Postflex | C34: (mmol N m-2 d-1) | D34: 6.7542956e-06 | E34: 4.7107636e-07 | L34: 1.8845849e-06 | M34: 1.9865269e-07
A35: 33 | B35: Cladoceran to Preflex | C35: (mmol N m-2 d-1) | D35: 2.9769811e-07 | E35: 2.9769811e-07 | L35: 1.3183774e-06 | M35: 4.201161e-07
A36: 34 | B36: Cladoceran to Postflex | C36: (mmol N m-2 d-1) | D36: 5.2509201e-05 | E36: 5.0610971e-06 | L36: 4.9991094e-05 | M36: 5.269524e-06
A37: 35 | B37: Calanoids to Preflex | C37: (mmol N m-2 d-1) | D37: 3.6149057e-06 | E37: 1.3393527e-06 | L37: 1.8712453e-06 | M37: 3.4714733e-07
A38: 36 | B38: Calanoids to Postflex | C38: (mmol N m-2 d-1) | D38: 6.3621107e-05 | E38: 9.5883951e-07 | L38: 1.348966e-05 | M38: 3.1841642e-07
A39: 37 | B39: Poecilastomatoids to Preflex | C39: (mmol N m-2 d-1) | D39: 0 | E39: 1e-08 | L39: 0 | M39: 1e-08
A40: 38 | B40: Poecilastomatoids to Postflex | C40: (mmol N m-2 d-1) | D40: 1.743044e-06 | E40: 2.6262841e-06 | L40: 8.9269811e-07 | M40: 3.1366214e-08
A42: Inequality Inputs
A43: 1 | B43: Temperature (0-50) | C43: deg C | D43: 24.306686 | E43: 0.42293135 | F43: 25.155723 | G43: 0.31024038 | H43: 26.176377 | I43: 0.61854269 | J43: 25.22024 | K43: 0.46828919 | L43: 24.443925 | M43: 0.77965954
A44: 2 | B44: Temperature (50-120) | C44: deg C | D44: 22.139011 | E44: 0.45138661 | F44: 23.871374 | G44: 0.40281286 | H44: 23.960761 | I44: 0.67243092 | J44: 24.39616 | K44: 0.20145672 | L44: 21.682161 | M44: 0.90749799
A45: 3 | B45: Temperature (120-300) | C45: deg C | D45: 16.41368 | E45: 2.356058 | F45: 19.280662 | G45: 2.8147559 | H45: 18.987998 | I45: 2.4611909 | J45: 18.906565 | K45: 2.4842801 | L45: 16.456611 | M45: 1.9866848
A46: 4 | B46: HerbNVM biomass (shallow) | C46: (mmol N m-2) | D46: 0.023244761 | E46: NaN | F46: NaN | G46: NaN | H46: NaN | I46: NaN | J46: NaN | K46: NaN | L46: 0.045631695 | M46: NaN
A47: 5 | B47: App Biomass (shallow) | C47: (mmol N m-2) | D47: 0.00021734875 | E47: NaN | F47: NaN | G47: NaN | H47: NaN | I47: NaN | J47: NaN | K47: NaN | L47: 0.00032481632 | M47: NaN
A48: 6 | B48: Clad Biomass (shallow) | C48: (mmol N m-2) | D48: 0.00024984619 | E48: NaN | F48: NaN | G48: NaN | H48: NaN | I48: NaN | J48: NaN | K48: NaN | L48: 0.00034423423 | M48: NaN
A49: 7 | B49: NVM Cal Biomass (shallow) | C49: (mmol N m-2) | D49: 0.10308646 | E49: NaN | F49: NaN | G49: NaN | H49: NaN | I49: NaN | J49: NaN | K49: NaN | L49: 0.12689054 | M49: NaN
A50: 8 | B50: Chaeto Biomass (shallow) | C50: (mmol N m-2) | D50: 0.10704005 | E50: NaN | F50: NaN | G50: NaN | H50: NaN | I50: NaN | J50: NaN | K50: NaN | L50: 0.13013103 | M50: NaN
A51: 9 | B51: Poecil Biomass (shallow) | C51: (mmol N m-2) | D51: 0.028650473 | E51: NaN | F51: NaN | G51: NaN | H51: NaN | I51: NaN | J51: NaN | K51: NaN | L51: 0.018532008 | M51: NaN
A52: 10 | B52: Gel Pred Biomass (shallow) | C52: (mmol N m-2)
A53: 11 | B53: Preflex Biomass (shallow) | C53: (mmol N m-2) | D53: 5.6330059e-05 | E53: NaN | F53: NaN | G53: NaN | H53: NaN | I53: NaN | J53: NaN | K53: NaN | L53: 0.0011760612 | M53: NaN
A54: 12 | B54: Postflex Biomass (shallow) | C54: (mmol N m-2) | D54: 0.00061992006 | E54: NaN | F54: NaN | G54: NaN | H54: NaN | I54: NaN | J54: NaN | K54: NaN | L54: 0.0019080791 | M54: NaN
A55: 13 | B55: HerbVM Biomass | C55: (mmol N m-2) | D55: 0.088620245 | E55: NaN | F55: NaN | G55: NaN | H55: NaN | I55: NaN | J55: NaN | K55: NaN | L55: NaN | M55: NaN
A56: 14 | B56: vmCal Biomass | C56: (mmol N m-2) | D56: 0.07829022 | E56: NaN | F56: NaN | G56: NaN | H56: NaN | I56: NaN | J56: NaN | K56: NaN | L56: NaN | M56: NaN
A57: 15 | B57: HerbNVM biomass (deep) | C57: (mmol N m-2)
A58: 16 | B58: App Biomass (deep) | C58: (mmol N m-2)
A59: 17 | B59: Clad Biomass (deep) | C59: (mmol N m-2)
A60: 18 | B60: NVM Cal Biomass (deep) | C60: (mmol N m-2)
A61: 19 | B61: Chaeto Biomass (deep) | C61: (mmol N m-2)
A62: 20 | B62: Poecil Biomass (deep) | C62: (mmol N m-2)
A63: 21 | B63: Gel Pred Biomass (deep) | C63: (mmol N m-2)
A64: 22 | B64: Cyano Biomass (shallow) | C64: (mmol N m-2) | D64: 9.3854156 | F64: 7.4497384 | H64: 7.7125763 | J64: 12.864163 | L64: 18.388215
A65: 23 | B65: Tricho Biomass (shallow) | C65: (mmol N m-2) | D65: 0.027229539 | F65: 0.0051520433 | H65: 0.017045685 | J65: 0.0035009417 | L65: 0.00097051833
A66: 24 | B66: Diatom Biomass (shallow) | C66: (mmol N m-2) | D66: 0.12890855 | F66: 0.0031836144 | H66: 1.1154792 | J66: 0.028887377 | L66: 0.077233463
A67: 25 | B67: Flag Biomass (shallow) | C67: (mmol N m-2) | D67: 4.8398985 | F67: 2.8196423 | H67: 6.7409834 | J67: 1.6091475 | L67: 2.7372329
A68: 26 | B68: HNF Biomass (shallow) | C68: (mmol N m-2)
A69: 27 | B69: MIC Biomass (shallow) | C69: (mmol N m-2)
A70: 28 | B70: Cyano Biomass (deep) | C70: (mmol N m-2) | D70: 8.2216145 | F70: 8.9313759 | H70: 8.9968623 | J70: 15.413627 | L70: 6.7734026
A71: 29 | B71: Tricho Biomass (deep) | C71: (mmol N m-2) | D71: 0.00077361926 | F71: 0.00030301979 | H71: 0.0016247506 | J71: 7.6125e-05 | L71: 0.00011318333
A72: 30 | B72: Diatom Biomass (deep) | C72: (mmol N m-2) | D72: 0.12183767 | F72: -0.0031836144 | H72: -1.1154792 | J72: 0.03202354 | L72: 0.043735419
A73: 31 | B73: Flag Biomass (deep) | C73: (mmol N m-2) | D73: 6.966324 | F73: 8.9679971 | H73: 5.4277509 | J73: 1.6345063 | L73: 3.6344949
A74: 32 | B74: HNF Biomass (deep) | C74: (mmol N m-2)
A75: 33 | B75: MIC Biomass (deep) | C75: (mmol N m-2)
A76: 34 | B76: HerbNVM Size | C76: (mg C ind-1) | D76: 0.0013511429 | F76: 0.0013511429 | H76: 0.0013511429 | J76: 0.0013511429 | L76: 0.0013511429
A77: 35 | B77: App Size | C77: (mg C ind-1) | D77: 7.1374286e-05 | F77: 7.1374286e-05 | H77: 7.1374286e-05 | J77: 7.1374286e-05 | L77: 7.1374286e-05
A78: 36 | B78: Clad Size | C78: (mg C ind-1) | D78: 0.0026309115 | F78: 0.0026309115 | H78: 0.0026309115 | J78: 0.0026309115 | L78: 0.0026309115
A79: 37 | B79: NVM Cal Size | C79: (mg C ind-1) | D79: 0.0044398393 | F79: 0.0044398393 | H79: 0.0044398393 | J79: 0.0044398393 | L79: 0.0044398393
A80: 38 | B80: Chaeto Size | C80: (mg C ind-1) | D80: 0.020830069 | F80: 0.020830069 | H80: 0.020830069 | J80: 0.020830069 | L80: 0.020830069
A81: 39 | B81: Poecil Size | C81: (mg C ind-1) | D81: 0.0053333941 | F81: 0.0053333941 | H81: 0.0053333941 | J81: 0.0053333941 | L81: 0.0053333941
A82: 40 | B82: Gel Pred Size | C82: (mg C ind-1)
A83: 41 | B83: Preflex Size | C83: (mg C ind-1) | D83: 0.083708186 | F83: 0.083708186 | H83: 0.083708186 | J83: 0.083708186 | L83: 0.083708186
A84: 42 | B84: Postflex Size | C84: (mg C ind-1) | D84: 0.17975027 | F84: 0.17975027 | H84: 0.17975027 | J84: 0.17975027 | L84: 0.17975027
A85: 43 | B85: HerbVM Size | C85: (mg C ind-1) | D85: 0.0044398393 | F85: 0.0044398393 | H85: 0.0044398393 | J85: 0.0044398393 | L85: 0.0044398393
A86: 44 | B86: vmCal Size | C86: (mg C ind-1) | D86: 0.0044398393 | F86: 0.0044398393 | H86: 0.0044398393 | J86: 0.0044398393 | L86: 0.0044398393
A87: 45 | B87: Maximum upwelling rate (shallow) | C87: (mmol N m-2 d-1) | D87: 8.64e-05 | F87: 8.64e-05 | H87: 8.64e-05 | J87: 8.64e-05 | L87: 8.64e-05
A88: 46 | B88: Maximum upwelling rate (deep) | C88: (mmol N m-2 d-1) | D88: 0.36679017 | F88: 1.1429027 | H88: 1.200443 | J88: 1.0202792 | L88: 1.5433293
A89: 47 | B89: Maximum lateral transport PON (shallow) | C89: (mmol N m-2 d-1) | D89: 3.216 | F89: 3.216 | H89: 3.216 | J89: 3.216 | L89: 3.216
A90: 48 | B90: Maximum lateral transport DON (shallow) | C90: (mmol N m-2 d-1) | D90: 1.555 | F90: 1.555 | H90: 1.555 | J90: 1.555 | L90: 1.555
A92: δ15N Values
A93: 1 | B93: Upwelled Nitrate | C93: δ 15NAIR (‰) | D93: 3.2 | F93: 3.1 | H93: 2.8 | J93: 2 | L93: 2.9
A94: 2 | B94: Preflex | C94: δ 15NAIR (‰) | D94: 4.6280976 | L94: 7.4989308
A95: 3 | B95: Postflex | C95: δ 15NAIR (‰) | D95: 4.2060816 | L95: 6.1609768
A96: 4 | B96: Shallow SedTrap | C96: δ 15NAIR (‰) | D96: 2.8984638 | E96: 0.24776557 | F96: 2.5117191 | G96: 0.5670838 | H96: 1.6797157 | I96: 0.25022395 | J96: 2.5033011 | K96: 0.1725025 | L96: 3.8010354 | M96: 0.19569167
A97: 5 | B97: Deep SedTrap | C97: δ 15NAIR (‰) | D97: 4.8895585 | E97: 0.31520626 | F97: 2.8645596 | G97: 0.08794215 | H97: 3.7126301 | I97: 1.4991552 | J97: 3.7274591 | K97: 0.38153641 | L97: 4.5526552 | M97: 0.090836215
A98: 6 | B98: Shallow DON | C98: δ 15NAIR (‰) | D98: 3.37 | F98: 3.37 | H98: 3.37 | J98: 3.45 | L98: 3.27
A99: 7 | B99: Deep DON | C99: δ 15NAIR (‰) | D99: 3.31 | F99: 3.31 | H99: 3.31 | J99: 3.33 | L99: 3.39
A100: 8 | B100: Shallow PON | C100: δ 15NAIR (‰) | D100: 1.4376561 | F100: 1.2024979 | H100: 1.1115224 | J100: 2.1253535 | L100: 2.6563576
A101: 9 | B101: Deep PON | C101: δ 15NAIR (‰) | D101: 1.7985296 | F101: 1.5718031 | H101: 2.452666 | J101: 1.7776605 | L101: 1.628961
A102: 10 | B102: Appendicularian | C102: δ 15NAIR (‰) | D102: 2.4225186 | E102: 0.24354168 | L102: 5.1191533 | M102: 0.13328112
...

Sheet InputCRD
A1: See Bvec of N15InverseModel matrix file
