Workbook

Sheet Sheet1
A1: Flow | B1: Units | C1: Cycle 1 | D1: σ | E1: Cycle 2 | F1: σ | G1: Cycle 3 | H1: σ | I1: Cycle 4 | J1: σ | K1: Cycle 5 | L1: σ
A2: Upwelling | B2: (mmol N m-2 d-1) | C2: 3.0751036 | D2: 0.65225304 | E2: 3.1533335 | F2: 0.36897539 | G2: 1.421977 | H2: 0.51586102 | I2: 2.3084207 | J2: 0.43843939 | K2: 0.83924824 | L2: 0.24943797
A3: NH4->NO3 | B3: (mmol N m-2 d-1) | C3: 4.4003391 | D3: 2.4750406 | E3: 2.270995 | F3: 1.4667713 | G3: 2.5621042 | H3: 2.1471049 | I3: 3.2219721 | J3: 1.8688173 | K3: 1.7982934 | L3: 1.1338468
A4: NH4->Pico | B4: (mmol N m-2 d-1) | C4: 1.823113 | D4: 1.1623745 | E4: 2.2187304 | F4: 1.4391126 | G4: 6.1417979 | H4: 2.3934277 | I4: 1.2818726 | J4: 0.75396335 | K4: 1.9227376 | L4: 1.0901564
A5: NH4->dtm | B5: (mmol N m-2 d-1) | C5: 3.1122117 | D5: 1.9924542 | E5: 0.67287565 | F5: 0.43198107 | G5: 0.36179112 | H5: 0.25622932 | I5: 0.27941919 | J5: 0.17154886 | K5: 0.31774766 | L5: 0.20829808
A6: NH4->flag | B6: (mmol N m-2 d-1) | C6: 1.7878143 | D6: 1.1314409 | E6: 1.0710812 | F6: 0.72412296 | G6: 0.34832865 | H6: 0.24944091 | I6: 2.8345974 | J6: 1.7982159 | K6: 0.55084332 | L6: 0.38935023
A7: NO3->Pico | B7: (mmol N m-2 d-1) | C7: 2.161388 | D7: 1.1794541 | E7: 3.3546223 | F7: 1.4698327 | G7: 3.0830095 | H7: 2.3860288 | I7: 1.3282893 | J7: 0.75366186 | K7: 1.7353847 | L7: 1.0945226
A8: NO3->dtm | B8: (mmol N m-2 d-1) | C8: 3.4786813 | D8: 2.0170319 | E8: 0.70196115 | F8: 0.43640191 | G8: 0.52353857 | H8: 0.2655566 | I8: 0.28344147 | J8: 0.17256359 | K8: 0.35011512 | L8: 0.21264113
A9: NO3->flag | B9: (mmol N m-2 d-1) | C9: 1.8353734 | D9: 1.1451956 | E9: 1.367745 | F9: 0.76597254 | G9: 0.37753321 | H9: 0.25732433 | I9: 3.9186621 | J9: 1.817312 | K9: 0.55204179 | L9: 0.37884509
A10: bac->flag | B10: (mmol N m-2 d-1) | C10: 0.30611166 | D10: 0.21491478 | E10: 0.35015217 | F10: 0.22730866 | G10: 0.21151008 | H10: 0.16672916 | I10: 0.2801009 | J10: 0.21221125 | K10: 0.18153871 | L10: 0.13006241
A11: bac->hnf | B11: (mmol N m-2 d-1) | C11: 0.40415001 | D11: 0.24164104 | E11: 0.38909184 | F11: 0.23543649 | G11: 0.56065742 | H11: 0.24204102 | I11: 0.47572538 | J11: 0.26749239 | K11: 0.22377717 | L11: 0.14425268
A12: bac->mic | B12: (mmol N m-2 d-1) | C12: 0.17791992 | D12: 0.15442811 | E12: 0.089796137 | F12: 0.073454491 | G12: 0.1451672 | H12: 0.10632517 | I12: 0.22511632 | J12: 0.18955601 | K12: 0.1321965 | L12: 0.10858483
A13: bac->nh4 | B13: (mmol N m-2 d-1) | C13: 6.6405301 | D13: 1.5038193 | E13: 3.3560146 | F13: 0.70030389 | G13: 3.7772836 | H13: 0.60031434 | I13: 3.647757 | J13: 0.68192699 | K13: 2.3918395 | L13: 0.51480102
... A21: dtm->Meso | B21: (mmol N m-2 d-1) | C21: 0.55396005 | D21: 0.30209441 | E21: 0.15281537 | F21: 0.13702624 | G21: 0.082758924 | H21: 0.071175208 | I21: 0.088628176 | J21: 0.070681175 | K21: 0.095964328 | L21: 0.082227382
A22: dtm->VMMeso | B22: (mmol N m-2 d-1) | C22: NA | D22: NA | E22: 0.14182331 | F22: 0.12477668 | G22: 0.05668001 | H22: 0.043736298 | I22: 0.062661759 | J22: 0.052597013 | K22: 0.089680991 | L22: 0.075859328
A23: dtm->Macro | B23: (mmol N m-2 d-1) | C23: 0.019054763 | D23: 0.015013024 | E23: 0.041826496 | F23: 0.035221665 | G23: 0.0073051238 | H23: 0.0057981847 | I23: 0.01012874 | J23: 0.0081987162 | K23: 0.020417337 | L23: 0.016246767
A24: dtm->VMMacro | B24: (mmol N m-2 d-1) | C24: 0.010172609 | D24: 0.008075452 | E24: 0.032995876 | F24: 0.02717185 | G24: 0.005109371 | H24: 0.0040820943 | I24: 0.00653512 | J24: 0.0054413087 | K24: 0.00079731363 | L24: 0.00069690498
A25: dtm->Salp | B25: (mmol N m-2 d-1) | C25: 1.003764 | D25: 0.41091759 | E25: 0.15147863 | F25: 0.13199435 | G25: 1.9514412e-05 | H25: 1.1860666e-05 | I25: 9.5877195e-06 | J25: 4.6946075e-06 | K25: 0.0015206025 | L25: 0.0010548759
A26: dtm->dom | B26: (mmol N m-2 d-1) | C26: 1.5607629 | D26: 0.84049177 | E26: 0.3260091 | F26: 0.17067369 | G26: 0.12406767 | H26: 0.080851723 | I26: 0.11102807 | J26: 0.060498391 | K26: 0.145756 | L26: 0.078583934
A27: dtm->mdet | B27: (mmol N m-2 d-1) | C27: 2.5760375 | D27: 0.99841295 | E27: 0.46011622 | F27: 0.23490147 | G27: 0.5143681 | H27: 0.17329502 | I27: 0.15112556 | J27: 0.10337358 | K27: 0.21823983 | L27: 0.13499113
A28: flag->mic | B28: (mmol N m-2 d-1) | C28: 0.49355459 | D28: 0.3662485 | E28: 0.099398314 | F28: 0.078115787 | G28: 0.4277316 | H28: 0.1833272 | I28: 3.5182983 | J28: 0.58966564 | K28: 0.58767767 | L28: 0.27128277
A29: flag->Meso | B29: (mmol N m-2 d-1) | C29: 0.42976581 | D29: 0.28739947 | E29: 0.84531807 | F29: 0.29308505 | G29: 0.25486422 | H29: 0.10906262 | I29: 0.29069849 | J29: 0.12524803 | K29: 0.34868125 | L29: 0.15423013
A30: flag->VMMeso | B30: (mmol N m-2 d-1) | C30: NA | D30: NA | E30: 0.51214973 | F30: 0.22256238 | G30: 0.094587728 | H30: 0.049919149 | I30: 0.11208254 | J30: 0.078707614 | K30: 0.2518445 | L30: 0.12735167
A31: flag->Macro | B31: (mmol N m-2 d-1) | C31: 0.018917871 | D31: 0.014826334 | E31: 0.05601731 | F31: 0.04120112 | G31: 0.0088530367 | H31: 0.0068831946 | I31: 0.0096195764 | J31: 0.0076848203 | K31: 0.023525244 | L31: 0.017732286
A32: flag->VMMacro | B32: (mmol N m-2 d-1) | C32: 0.010201352 | D32: 0.0080675476 | E32: 0.039351417 | F32: 0.03053033 | G32: 0.0056474761 | H32: 0.004332805 | I32: 0.0064353934 | J32: 0.005286067 | K32: 0.00075714427 | L32: 0.00066381514
A33: flag->Salp | B33: (mmol N m-2 d-1) | C33: 2.4194455 | D33: 0.63065886 | E33: 1.1946319 | F33: 0.36930689 | G33: 0.042374606 | H33: 0.014452192 | I33: 1.800267 | J33: 0.40560443 | K33: 0.0078412245 | L33: 0.0018214512
A34: flag->dom | B34: (mmol N m-2 d-1) | C34: 0.86569478 | D34: 0.45626795 | E34: 0.60983672 | F34: 0.27724727 | G34: 0.18095659 | H34: 0.096083102 | I34: 1.4766285 | J34: 0.65545748 | K34: 0.27368345 | L34: 0.14947264
A35: flag->sdet | B35: (mmol N m-2 d-1) | C35: 0.25108183 | D35: 0.15772667 | E35: 0.2833052 | F35: 0.15923227 | G35: 0.16101834 | H35: 0.10742418 | I35: 0.20713773 | J35: 0.13456954 | K35: 0.18052441 | L35: 0.11706376
A36: hnf->mic | B36: (mmol N m-2 d-1) | C36: 0.20034488 | D36: 0.17710621 | E36: 0.06437964 | F36: 0.055351942 | G36: 0.083832069 | H36: 0.076014191 | I36: 0.17379385 | J36: 0.16237786 | K36: 0.12577028 | L36: 0.11702005
A37: hnf->Meso | B37: (mmol N m-2 d-1) | C37: 0.33108825 | D37: 0.25467755 | E37: 0.29235065 | F37: 0.24632398 | G37: 1.9839975 | H37: 0.79160889 | I37: 0.3020373 | J37: 0.23593134 | K37: 0.30695145 | L37: 0.22538879
A38: hnf->VMMeso | B38: (mmol N m-2 d-1) | C38: NA | D38: NA | E38: 0.90245195 | F38: 0.37155753 | G38: 2.1096993 | H38: 0.80073886 | I38: 0.32226761 | J38: 0.24832669 | K38: 0.62101846 | L38: 0.28760048
A39: hnf->Macro | B39: (mmol N m-2 d-1) | C39: 0.026647168 | D39: 0.021760709 | E39: 0.086824125 | F39: 0.06701255 | G39: 0.016757872 | H39: 0.013841723 | I39: 0.020734993 | J39: 0.018023397 | K39: 0.10929121 | L39: 0.088494311
A40: hnf->VMMacro | B40: (mmol N m-2 d-1) | C40: 0.15695419 | D40: 0.10662934 | E40: 0.28277704 | F40: 0.17767093 | G40: 0.053066831 | H40: 0.028085547 | I40: 0.046827574 | J40: 0.0363979 | K40: 0.00085697668 | L40: 0.00073855024
A41: hnf->Salp | B41: (mmol N m-2 d-1) | C41: 0.34496307 | D41: 0.26366219 | E41: 0.16570415 | F41: 0.15244082 | G41: 0.0098404421 | H41: 0.0071236956 | I41: 0.14338672 | J41: 0.12896587 | K41: 0.00064543548 | L41: 0.00052157248
A42: hnf->nh4 | B42: (mmol N m-2 d-1) | C42: 0.99308233 | D42: 0.30230558 | E42: 1.1091851 | F42: 0.20433003 | G42: 2.8038842 | H42: 0.40081262 | I42: 0.79753005 | J42: 0.23066856 | K42: 0.83315214 | L42: 0.17762229
A43: hnf->dom | B43: (mmol N m-2 d-1) | C43: 0.54632654 | D43: 0.18730703 | E43: 0.62303316 | F43: 0.14660942 | G43: 1.5544714 | H43: 0.30931277 | I43: 0.45069424 | J43: 0.15116459 | K43: 0.47074488 | L43: 0.12461343
A44: hnf->sdet | B44: (mmol N m-2 d-1) | C44: 0.80113169 | D44: 0.35778798 | E44: 1.2297542 | F44: 0.33627372 | G44: 3.1993512 | H44: 1.0022767 | I44: 0.76523376 | J44: 0.33326746 | K44: 0.87832714 | L44: 0.32525419
A45: mic->Meso | B45: (mmol N m-2 d-1) | C45: 0.31247013 | D45: 0.21514635 | E45: 0.038259881 | F45: 0.032852448 | G45: 0.081967536 | H45: 0.05625228 | I45: 0.82996952 | J45: 0.47866569 | K45: 0.16722519 | L45: 0.123081
A46: mic->VMMeso | B46: (mmol N m-2 d-1) | C46: NA | D46: NA | E46: 0.04516077 | F46: 0.037169657 | G46: 0.15113991 | H46: 0.042911638 | I46: 0.92982355 | J46: 0.49541301 | K46: 0.22544952 | L46: 0.13920197
A47: mic->Macro | B47: (mmol N m-2 d-1) | C47: 0.026080718 | D47: 0.021439228 | E47: 0.033184399 | F47: 0.028710672 | G47: 0.016694445 | H47: 0.013648757 | I47: 0.025274543 | J47: 0.022601233 | K47: 0.09286676 | L47: 0.074805683
A48: mic->VMMacro | B48: (mmol N m-2 d-1) | C48: 0.16860654 | D48: 0.1097053 | E48: 0.042176147 | F48: 0.035260881 | G48: 0.046159772 | H48: 0.033588549 | I48: 0.052815634 | J48: 0.039161483 | K48: 0.00087335277 | L48: 0.00075060481
A49: mic->Salp | B49: (mmol N m-2 d-1) | C49: 0.32260022 | D49: 0.22200411 | E49: 0.034479452 | F49: 0.029568236 | G49: 0.0090128838 | H49: 0.0069770254 | I49: 0.21648167 | J49: 0.18346717 | K49: 0.00064666407 | L49: 0.00051733552
A50: mic->nh4 | B50: (mmol N m-2 d-1) | C50: 0.84893991 | D50: 0.22002187 | E50: 0.1696921 | F50: 0.039845517 | G50: 0.31154977 | H50: 0.073960201 | I50: 1.4481891 | J50: 0.27565031 | K50: 0.43070455 | L50: 0.10277227
A51: mic->dom | B51: (mmol N m-2 d-1) | C51: 0.4592649 | D51: 0.13629879 | E51: 0.09356068 | F51: 0.026403321 | G51: 0.16810927 | H51: 0.049047861 | I51: 0.82326205 | J51: 0.20296004 | K51: 0.24020792 | L51: 0.068708624
A52: mic->sdet | B52: (mmol N m-2 d-1) | C52: 0.65485208 | D52: 0.24866347 | E52: 0.12733576 | F52: 0.045589137 | G52: 0.22121967 | H52: 0.087530956 | I52: 1.6512386 | J52: 0.49644331 | K52: 0.37983398 | L52: 0.13561994
A53: Meso->Meso | B53: (mmol N m-2 d-1) | C53: 1.5756734 | D53: 0.94338724 | E53: 0.15362572 | F53: 0.13805818 | G53: 0.63126993 | H53: 0.56677731 | I53: 0.43354493 | J53: 0.34977764 | K53: 0.12751413 | L53: 0.10995694
A54: Meso->VMMeso | B54: (mmol N m-2 d-1) | C54: NA | D54: NA | E54: 0.20778776 | F54: 0.15604773 | G54: 0.51949814 | H54: 0.39763509 | I54: 0.30538459 | J54: 0.21426451 | K54: 0.25087256 | L54: 0.15018854
A55: Meso->Macro | B55: (mmol N m-2 d-1) | C55: 0.023501379 | D55: 0.018517284 | E55: 0.062311952 | F55: 0.05312539 | G55: 0.021196755 | H55: 0.016746062 | I55: 0.019629481 | J55: 0.016511293 | K55: 0.078307172 | L55: 0.065026415
A56: Meso->VMMacro | B56: (mmol N m-2 d-1) | C56: 0.096125101 | D56: 0.073182145 | E56: 0.11279296 | F56: 0.094407428 | G56: 0.046161673 | H56: 0.035530931 | I56: 0.036575906 | J56: 0.029649393 | K56: 0.0010124887 | L56: 0.00082092588
A57: Meso->gel | B57: (mmol N m-2 d-1) | C57: 0.0096187314 | D57: 0.0084378748 | E57: 0.041294861 | F57: 0.033510919 | G57: 0.0020637443 | H57: 0.0018749851 | I57: 0.0036097342 | J57: 0.0033141639 | K57: 0.026902659 | L57: 0.02176963
A58: Meso->Myct | B58: (mmol N m-2 d-1) | C58: 0.069700408 | D58: 0.0278367 | E58: 0.031965849 | F58: 0.014346458 | G58: 0.10078073 | H58: 0.039344564 | I58: 0.046471778 | J58: 0.019808209 | K58: 0.0080518142 | L58: 0.0035434202
A59: Meso->HTL | B59: (mmol N m-2 d-1) | C59: 0.0063329295 | D59: 0.0029157516 | E59: 0.0032915573 | F59: 0.001532118 | G59: 0.0090394941 | H59: 0.0042822582 | I59: 0.0045104191 | J59: 0.0020948966 | K59: 0.00081497822 | L59: 0.00037407705
A60: Meso->nh4 | B60: (mmol N m-2 d-1) | C60: 1.5725681 | D60: 0.56641487 | E60: 0.46503854 | F60: 0.10632034 | G60: 1.28295 | H60: 0.21766976 | I60: 0.73776322 | J60: 0.19378964 | K60: 0.36303459 | L60: 0.059356899
A61: Meso->dom | B61: (mmol N m-2 d-1) | C61: 0.86942026 | D61: 0.36798566 | E61: 0.25906243 | F61: 0.071485247 | G61: 0.65778574 | H61: 0.19570978 | I61: 0.41046584 | J61: 0.13207699 | K61: 0.22237188 | L61: 0.062748818
A62: Meso->mdet | B62: (mmol N m-2 d-1) | C62: 1.3460719 | D62: 0.67354346 | E62: 0.64711569 | F62: 0.23023934 | G62: 1.4800723 | H62: 0.70739869 | I62: 0.96726809 | J62: 0.4068235 | K62: 0.48164321 | L62: 0.16821105
A63: VMMeso->Meso | B63: (mmol N m-2 d-1) | C63: NA | D63: NA | E63: 0.18199983 | F63: 0.15445205 | G63: 0.4817023 | H63: 0.33397178 | I63: 0.3001821 | J63: 0.22296441 | K63: 0.18602285 | L63: 0.14426159
A64: VMMeso->VMMeso | B64: (mmol N m-2 d-1) | C64: NA | D64: NA | E64: 0.38488182 | F64: 0.28301717 | G64: 0.78220537 | H64: 0.56596551 | I64: 0.43639596 | J64: 0.32105936 | K64: 0.3672649 | L64: 0.23610289
A65: VMMeso->Macro | B65: (mmol N m-2 d-1) | C65: NA | D65: NA | E65: 0.067896097 | F65: 0.057104661 | G65: 0.020943582 | H65: 0.016503139 | I65: 0.019695447 | J65: 0.016555429 | K65: 0.099209925 | L65: 0.078805922
A66: VMMeso->VMMacro | B66: (mmol N m-2 d-1) | C66: NA | D66: NA | E66: 0.13430466 | F66: 0.11388906 | G66: 0.044815888 | H66: 0.03527919 | I66: 0.035682049 | J66: 0.029504723 | K66: 0.001007396 | L66: 0.0008179015
A67: VMMeso->gel | B67: (mmol N m-2 d-1) | C67: NA | D67: NA | E67: 0.043296118 | F67: 0.034669734 | G67: 0.0020907067 | H67: 0.0019036794 | I67: 0.0036125064 | J67: 0.0033318329 | K67: 0.029257965 | L67: 0.023027374
A68: VMMeso->Myct | B68: (mmol N m-2 d-1) | C68: NA | D68: NA | E68: 0.11062177 | F68: 0.043843885 | G68: 0.1250326 | H68: 0.044578756 | I68: 0.032582737 | J68: 0.014160843 | K68: 0.099538191 | L68: 0.026537838
A69: VMMeso->HTL | B69: (mmol N m-2 d-1) | C69: NA | D69: NA | E69: 0.010504408 | F69: 0.004942102 | G69: 0.010520538 | H69: 0.0049947886 | I69: 0.0032271804 | J69: 0.0014950953 | K69: 0.0070065812 | L69: 0.0032664122
A70: VMMeso->nh4 | B70: (mmol N m-2 d-1) | C70: NA | D70: NA | E70: 0.49955618 | F70: 0.26652525 | G70: 1.0723725 | H70: 0.44606075 | I70: 0.43254656 | J70: 0.25421106 | K70: 0.35864045 | L70: 0.20607819
A71: VMMeso->dom | B71: (mmol N m-2 d-1) | C71: NA | D71: NA | E71: 0.20393949 | F71: 0.12608919 | G71: 0.5236308 | H71: 0.27267277 | I71: 0.23069341 | J71: 0.14689813 | K71: 0.18682893 | L71: 0.12165633
A72: VMMeso->mdet | B72: (mmol N m-2 d-1) | C72: NA | D72: NA | E72: 0.90515202 | F72: 0.42910809 | G72: 2.193122 | H72: 0.95652715 | I72: 0.94667585 | J72: 0.41871757 | K72: 0.79353743 | L72: 0.3386221
A73: VMMeso->dnh4 | B73: (mmol N m-2 d-1) | C73: NA | D73: NA | E73: 0.42020121 | F73: 0.26527154 | G73: 0.40153733 | H73: 0.38709895 | I73: 0.29730828 | J73: 0.22528378 | K73: 0.33621042 | L73: 0.20257351
A74: VMMeso->ddom | B74: (mmol N m-2 d-1) | C74: NA | D74: NA | E74: 0.18230186 | F74: 0.12272481 | G74: 0.27392207 | H74: 0.23729427 | I74: 0.18724562 | J74: 0.14049521 | K74: 0.17647439 | L74: 0.1162657
A75: Macro->gel | B75: (mmol N m-2 d-1) | C75: 0.022939763 | D75: 0.0077485255 | E75: 0.080002763 | F75: 0.029595897 | G75: 0.011264979 | H75: 0.0031358166 | I75: 0.017221281 | J75: 0.0051364809 | K75: 0.078561431 | L75: 0.02500808
A76: Macro->Myct | B76: (mmol N m-2 d-1) | C76: 0.0014217094 | D76: 0.00063516779 | E76: 0.0046825736 | F76: 0.0020901146 | G76: 0.0034115369 | H76: 0.0012676386 | I76: 0.0014366211 | J76: 0.00062250191 | K76: 0.0075223783 | L76: 0.0032234608
A77: Macro->HTL | B77: (mmol N m-2 d-1) | C77: 0.00045002548 | D77: 0.00020477849 | E77: 0.0014750013 | F77: 0.00067561446 | G77: 0.00094226381 | H77: 0.00040709432 | I77: 0.00044141957 | J77: 0.00019936616 | K77: 0.002256106 | L77: 0.0010308803
A78: Macro->nh4 | B78: (mmol N m-2 d-1) | C78: 0.02890674 | D78: 0.004471637 | E78: 0.088097439 | F78: 0.016511287 | G78: 0.03354932 | H78: 0.011756489 | I78: 0.02955404 | J78: 0.0059775261 | K78: 0.12425147 | L78: 0.031462327
A79: Macro->dom | B79: (mmol N m-2 d-1) | C79: 0.019706871 | D79: 0.0060954341 | E79: 0.05647314 | F79: 0.018703341 | G79: 0.017140855 | H79: 0.0068543533 | I79: 0.019053082 | J79: 0.0068422757 | K79: 0.074783737 | L79: 0.029033732
A80: Macro->ldet | B80: (mmol N m-2 d-1) | C80: 0.04077679 | D80: 0.016979664 | E80: 0.11732946 | F80: 0.051322288 | G80: 0.025441865 | H80: 0.011951459 | I80: 0.037376335 | J80: 0.017616919 | K80: 0.13624253 | L80: 0.065291295
A81: VMMacro->PiscivFish | B81: (mmol N m-2 d-1) | C81: 0.002390867 | D81: 0.00099576719 | E81: 0.0018316088 | F81: 0.00079592256 | G81: 0.0013924136 | H81: 0.00058114402 | I81: 0.00073380056 | J81: 0.00031807233 | K81: 1.9628582e-05 | L81: 8.9925492e-06
A82: VMMacro->gel | B82: (mmol N m-2 d-1) | C82: 0.030977979 | D82: 0.01156829 | E82: 0.11201184 | F82: 0.04041954 | G82: 0.0035659859 | H82: 0.0026541384 | I82: 0.017526528 | J82: 0.0061197999 | K82: 0.001128118 | L82: 0.00041922461
A83: VMMacro->Myct | B83: (mmol N m-2 d-1) | C83: 0.033779097 | D83: 0.010059225 | E83: 0.019395199 | F83: 0.0083233168 | G83: 0.023208175 | H83: 0.0051228529 | I83: 0.010181538 | J83: 0.0033394455 | K83: 0.0002061476 | L83: 9.4207779e-05
A84: VMMacro->HTL | B84: (mmol N m-2 d-1) | C84: 0.0081924783 | D84: 0.0033788062 | E84: 0.0058256798 | F84: 0.0026636324 | G84: 0.0051264501 | H84: 0.0019778923 | I84: 0.0025978357 | J84: 0.0010870679 | K84: 6.6561862e-05 | L84: 3.0531419e-05
A85: VMMacro->nh4 | B85: (mmol N m-2 d-1) | C85: 0.084184031 | D85: 0.057114215 | E85: 0.093586343 | F85: 0.06359952 | G85: 0.04456685 | H85: 0.026569964 | I85: 0.036617471 | J85: 0.024592273 | K85: 0.0012143504 | L85: 6.7220605e-18
A86: VMMacro->dom | B86: (mmol N m-2 d-1) | C86: 0.044652223 | D86: 0.032361571 | E86: 0.056532534 | F86: 0.041403301 | G86: 0.02083937 | H86: 0.014936825 | I86: 0.019137903 | J86: 0.013864701 | K86: 0.0005806694 | L86: 5.4210165e-19
... A134: mdet->Meso | B134: (mmol N m-2 d-1) | C134: 2.3660545 | D134: 1.1836816 | E134: 0.31991779 | F134: 0.26838881 | G134: 1.234258 | H134: 0.79187063 | I134: 0.72016346 | J134: 0.48652922 | K134: 0.32816627 | L134: 0.22613792
A135: mdet->VMMeso | B135: (mmol N m-2 d-1) | C135: NA | D135: NA | E135: 0.95040011 | F135: 0.49638887 | G135: 2.2180852 | H135: 1.0462296 | I135: 0.7572317 | J135: 0.49884818 | K135: 0.8348685 | L135: 0.39523071
A136: mdet->dom | B136: (mmol N m-2 d-1) | C136: 0.84332169 | D136: 0.72156575 | E136: 0.069799257 | F136: 0.069736438 | G136: 0.22888535 | H136: 0.21026906 | I136: 0.14170705 | J136: 0.13416083 | K136: 0.093540818 | L136: 0.085447756
A137: mdet->Sink | B137: (mmol N m-2 d-1) | C137: 0.31731272 | D137: 0.20746726 | E137: 0.61861096 | F137: 0.21966878 | G137: 0.42400597 | H137: 0.037781265 | I137: 0.20563015 | J137: 0.19123792 | K137: 0.12860505 | L137: 0.09712429
A138: ldet->dom | B138: (mmol N m-2 d-1) | C138: 0.089117442 | D138: 0.059665555 | E138: 0.059870087 | F138: 0.055907968 | G138: 0.037341851 | H138: 0.025910794 | I138: 0.04568472 | J138: 0.02994564 | K138: 0.081775705 | L138: 0.061379531
A139: ldet->Sink | B139: (mmol N m-2 d-1) | C139: 0.082375159 | D139: 0.057272439 | E139: 0.29620052 | F139: 0.12892226 | G139: 0.035143647 | H139: 0.023204756 | I139: 0.04437159 | J139: 0.029990626 | K139: 0.10003458 | L139: 0.06654597
A140: SalpDet->dom | B140: (mmol N m-2 d-1) | C140: 0.35087307 | D140: 0.28078306 | E140: 0.064324134 | F140: 0.06262169 | G140: 0.0032753934 | H140: 0.0023400243 | I140: 0.11364452 | J140: 0.10349113 | K140: 0.0018725292 | L140: 0.0012666956
A141: SalpDet->Sink | B141: (mmol N m-2 d-1) | C141: 0.60532755 | D141: 0.1885615 | E141: 0.67004669 | F141: 0.18001166 | G141: 0.012786075 | H141: 0.0042444392 | I141: 0.81356033 | J141: 0.18364747 | K141: 0.0020754234 | L141: 0.0012684636

Sheet Sheet1 (2)
A1: Flow | B1: Units | C1: Cycle 1 | D1: σ | E1: Cycle 2 | F1: σ | G1: Cycle 3 | H1: σ | I1: Cycle 4 | J1: σ | K1: Cycle 5 | L1: σ
A2: Upwelling | B2: (µmol N m-2 d-1) | C2: =ROUND(Sheet1!C2*1000,1) -> 3075.1 | D2: =ROUND(Sheet1!D2*1000,1) -> 652.3 | E2: =ROUND(Sheet1!E2*1000,1) -> 3153.3 | F2: =ROUND(Sheet1!F2*1000,1) -> 369 | G2: =ROUND(Sheet1!G2*1000,1) -> 1422 | H2: =ROUND(Sheet1!H2*1000,1) -> 515.9 | I2: =ROUND(Sheet1!I2*1000,1) -> 2308.4 | J2: =ROUND(Sheet1!J2*1000,1) -> 438.4 | ... L2: =ROUND(Sheet1!L2*1000,1) -> 249.4
A3: NH4->NO3 | B3: (µmol N m-2 d-1) | C3: =ROUND(Sheet1!C3*1000,1) -> 4400.3 | D3: =ROUND(Sheet1!D3*1000,1) -> 2475 | E3: =ROUND(Sheet1!E3*1000,1) -> 2271 | F3: =ROUND(Sheet1!F3*1000,1) -> 1466.8 | G3: =ROUND(Sheet1!G3*1000,1) -> 2562.1 | H3: =ROUND(Sheet1!H3*1000,1) -> 2147.1 | I3: =ROUND(Sheet1!I3*1000,1) -> 3222 | J3: =ROUND(Sheet1!J3*1000,1) -> 1868.8 | ... L3: =ROUND(Sheet1!L3*1000,1) -> 1133.8
A4: NH4->Pico | B4: (µmol N m-2 d-1) | C4: =ROUND(Sheet1!C4*1000,1) -> 1823.1 | D4: =ROUND(Sheet1!D4*1000,1) -> 1162.4 | E4: =ROUND(Sheet1!E4*1000,1) -> 2218.7 | F4: =ROUND(Sheet1!F4*1000,1) -> 1439.1 | G4: =ROUND(Sheet1!G4*1000,1) -> 6141.8 | H4: =ROUND(Sheet1!H4*1000,1) -> 2393.4 | I4: =ROUND(Sheet1!I4*1000,1) -> 1281.9 | J4: =ROUND(Sheet1!J4*1000,1) -> 754 | ... L4: =ROUND(Sheet1!L4*1000,1) -> 1090.2
A5: NH4->dtm | B5: (µmol N m-2 d-1) | C5: =ROUND(Sheet1!C5*1000,1) -> 3112.2 | D5: =ROUND(Sheet1!D5*1000,1) -> 1992.5 | E5: =ROUND(Sheet1!E5*1000,1) -> 672.9 | F5: =ROUND(Sheet1!F5*1000,1) -> 432 | G5: =ROUND(Sheet1!G5*1000,1) -> 361.8 | H5: =ROUND(Sheet1!H5*1000,1) -> 256.2 | I5: =ROUND(Sheet1!I5*1000,1) -> 279.4 | J5: =ROUND(Sheet1!J5*1000,1) -> 171.5 | ... L5: =ROUND(Sheet1!L5*1000,1) -> 208.3
A6: NH4->flag | B6: (µmol N m-2 d-1) | C6: =ROUND(Sheet1!C6*1000,1) -> 1787.8 | D6: =ROUND(Sheet1!D6*1000,1) -> 1131.4 | E6: =ROUND(Sheet1!E6*1000,1) -> 1071.1 | F6: =ROUND(Sheet1!F6*1000,1) -> 724.1 | G6: =ROUND(Sheet1!G6*1000,1) -> 348.3 | H6: =ROUND(Sheet1!H6*1000,1) -> 249.4 | I6: =ROUND(Sheet1!I6*1000,1) -> 2834.6 | J6: =ROUND(Sheet1!J6*1000,1) -> 1798.2 | ... L6: =ROUND(Sheet1!L6*1000,1) -> 389.4
A7: NO3->Pico | B7: (µmol N m-2 d-1) | C7: =ROUND(Sheet1!C7*1000,1) -> 2161.4 | D7: =ROUND(Sheet1!D7*1000,1) -> 1179.5 | E7: =ROUND(Sheet1!E7*1000,1) -> 3354.6 | F7: =ROUND(Sheet1!F7*1000,1) -> 1469.8 | G7: =ROUND(Sheet1!G7*1000,1) -> 3083 | H7: =ROUND(Sheet1!H7*1000,1) -> 2386 | I7: =ROUND(Sheet1!I7*1000,1) -> 1328.3 | J7: =ROUND(Sheet1!J7*1000,1) -> 753.7 | ... L7: =ROUND(Sheet1!L7*1000,1) -> 1094.5
A8: NO3->dtm | B8: (µmol N m-2 d-1) | C8: =ROUND(Sheet1!C8*1000,1) -> 3478.7 | D8: =ROUND(Sheet1!D8*1000,1) -> 2017 | E8: =ROUND(Sheet1!E8*1000,1) -> 702 | F8: =ROUND(Sheet1!F8*1000,1) -> 436.4 | G8: =ROUND(Sheet1!G8*1000,1) -> 523.5 | H8: =ROUND(Sheet1!H8*1000,1) -> 265.6 | I8: =ROUND(Sheet1!I8*1000,1) -> 283.4 | J8: =ROUND(Sheet1!J8*1000,1) -> 172.6 | ... L8: =ROUND(Sheet1!L8*1000,1) -> 212.6
A9: NO3->flag | B9: (µmol N m-2 d-1) | C9: =ROUND(Sheet1!C9*1000,1) -> 1835.4 | D9: =ROUND(Sheet1!D9*1000,1) -> 1145.2 | E9: =ROUND(Sheet1!E9*1000,1) -> 1367.7 | F9: =ROUND(Sheet1!F9*1000,1) -> 766 | G9: =ROUND(Sheet1!G9*1000,1) -> 377.5 | H9: =ROUND(Sheet1!H9*1000,1) -> 257.3 | I9: =ROUND(Sheet1!I9*1000,1) -> 3918.7 | J9: =ROUND(Sheet1!J9*1000,1) -> 1817.3 | ... L9: =ROUND(Sheet1!L9*1000,1) -> 378.8
A10: bac->flag | B10: (µmol N m-2 d-1) | C10: =ROUND(Sheet1!C10*1000,1) -> 306.1 | D10: =ROUND(Sheet1!D10*1000,1) -> 214.9 | E10: =ROUND(Sheet1!E10*1000,1) -> 350.2 | F10: =ROUND(Sheet1!F10*1000,1) -> 227.3 | G10: =ROUND(Sheet1!G10*1000,1) -> 211.5 | H10: =ROUND(Sheet1!H10*1000,1) -> 166.7 | I10: =ROUND(Sheet1!I10*1000,1) -> 280.1 | J10: =ROUND(Sheet1!J10*1000,1) -> 212.2 | ... L10: =ROUND(Sheet1!L10*1000,1) -> 130.1
A11: bac->hnf | B11: (µmol N m-2 d-1) | C11: =ROUND(Sheet1!C11*1000,1) -> 404.2 | D11: =ROUND(Sheet1!D11*1000,1) -> 241.6 | E11: =ROUND(Sheet1!E11*1000,1) -> 389.1 | F11: =ROUND(Sheet1!F11*1000,1) -> 235.4 | G11: =ROUND(Sheet1!G11*1000,1) -> 560.7 | H11: =ROUND(Sheet1!H11*1000,1) -> 242 | I11: =ROUND(Sheet1!I11*1000,1) -> 475.7 | J11: =ROUND(Sheet1!J11*1000,1) -> 267.5 | ... L11: =ROUND(Sheet1!L11*1000,1) -> 144.3
A12: bac->mic | B12: (µmol N m-2 d-1) | C12: =ROUND(Sheet1!C12*1000,1) -> 177.9 | D12: =ROUND(Sheet1!D12*1000,1) -> 154.4 | E12: =ROUND(Sheet1!E12*1000,1) -> 89.8 | F12: =ROUND(Sheet1!F12*1000,1) -> 73.5 | G12: =ROUND(Sheet1!G12*1000,1) -> 145.2 | H12: =ROUND(Sheet1!H12*1000,1) -> 106.3 | I12: =ROUND(Sheet1!I12*1000,1) -> 225.1 | J12: =ROUND(Sheet1!J12*1000,1) -> 189.6 | ... L12: =ROUND(Sheet1!L12*1000,1) -> 108.6
A13: bac->nh4 | B13: (µmol N m-2 d-1) | C13: =ROUND(Sheet1!C13*1000,1) -> 6640.5 | D13: =ROUND(Sheet1!D13*1000,1) -> 1503.8 | E13: =ROUND(Sheet1!E13*1000,1) -> 3356 | F13: =ROUND(Sheet1!F13*1000,1) -> 700.3 | G13: =ROUND(Sheet1!G13*1000,1) -> 3777.3 | H13: =ROUND(Sheet1!H13*1000,1) -> 600.3 | I13: =ROUND(Sheet1!I13*1000,1) -> 3647.8 | J13: =ROUND(Sheet1!J13*1000,1) -> 681.9 | ... L13: =ROUND(Sheet1!L13*1000,1) -> 514.8
... A24: dtm->VMMacro | B24: (µmol N m-2 d-1) | C24: =ROUND(Sheet1!C24*1000,1) -> 10.2 | D24: =ROUND(Sheet1!D24*1000,1) -> 8.1 | E24: =ROUND(Sheet1!E24*1000,1) -> 33 | F24: =ROUND(Sheet1!F24*1000,1) -> 27.2 | G24: =ROUND(Sheet1!G24*1000,1) -> 5.1 | H24: =ROUND(Sheet1!H24*1000,1) -> 4.1 | I24: =ROUND(Sheet1!I24*1000,1) -> 6.5 | J24: =ROUND(Sheet1!J24*1000,1) -> 5.4 | ... L24: =ROUND(Sheet1!L24*1000,1) -> 0.7
A25: dtm->Salp | B25: (µmol N m-2 d-1) | C25: =ROUND(Sheet1!C25*1000,1) -> 1003.8 | D25: =ROUND(Sheet1!D25*1000,1) -> 410.9 | E25: =ROUND(Sheet1!E25*1000,1) -> 151.5 | F25: =ROUND(Sheet1!F25*1000,1) -> 132 | G25: =ROUND(Sheet1!G25*1000,2) -> 0.02 | H25: =ROUND(Sheet1!H25*1000,2) -> 0.01 | I25: =ROUND(Sheet1!I25*1000,2) -> 0.01 | J25: =ROUND(Sheet1!J25*1000,3) -> 0.005 | K25: =ROUND(Sheet1!K25*1000,1) -> 1.5 | L25: =ROUND(Sheet1!L25*1000,1) -> 1.1
A26: dtm->dom | B26: (µmol N m-2 d-1) | C26: =ROUND(Sheet1!C26*1000,1) -> 1560.8 | D26: =ROUND(Sheet1!D26*1000,1) -> 840.5 | E26: =ROUND(Sheet1!E26*1000,1) -> 326 | F26: =ROUND(Sheet1!F26*1000,1) -> 170.7 | G26: =ROUND(Sheet1!G26*1000,1) -> 124.1 | H26: =ROUND(Sheet1!H26*1000,1) -> 80.9 | I26: =ROUND(Sheet1!I26*1000,1) -> 111 | J26: =ROUND(Sheet1!J26*1000,1) -> 60.5 | ... L26: =ROUND(Sheet1!L26*1000,1) -> 78.6
A27: dtm->mdet | B27: (µmol N m-2 d-1) | C27: =ROUND(Sheet1!C27*1000,1) -> 2576 | D27: =ROUND(Sheet1!D27*1000,1) -> 998.4 | E27: =ROUND(Sheet1!E27*1000,1) -> 460.1 | F27: =ROUND(Sheet1!F27*1000,1) -> 234.9 | G27: =ROUND(Sheet1!G27*1000,1) -> 514.4 | H27: =ROUND(Sheet1!H27*1000,1) -> 173.3 | I27: =ROUND(Sheet1!I27*1000,1) -> 151.1 | J27: =ROUND(Sheet1!J27*1000,1) -> 103.4 | ... L27: =ROUND(Sheet1!L27*1000,1) -> 135
A28: flag->mic | B28: (µmol N m-2 d-1) | C28: =ROUND(Sheet1!C28*1000,1) -> 493.6 | D28: =ROUND(Sheet1!D28*1000,1) -> 366.2 | E28: =ROUND(Sheet1!E28*1000,1) -> 99.4 | F28: =ROUND(Sheet1!F28*1000,1) -> 78.1 | G28: =ROUND(Sheet1!G28*1000,1) -> 427.7 | H28: =ROUND(Sheet1!H28*1000,1) -> 183.3 | I28: =ROUND(Sheet1!I28*1000,1) -> 3518.3 | J28: =ROUND(Sheet1!J28*1000,1) -> 589.7 | ... L28: =ROUND(Sheet1!L28*1000,1) -> 271.3
A29: flag->Meso | B29: (µmol N m-2 d-1) | C29: =ROUND(Sheet1!C29*1000,1) -> 429.8 | D29: =ROUND(Sheet1!D29*1000,1) -> 287.4 | E29: =ROUND(Sheet1!E29*1000,1) -> 845.3 | F29: =ROUND(Sheet1!F29*1000,1) -> 293.1 | G29: =ROUND(Sheet1!G29*1000,1) -> 254.9 | H29: =ROUND(Sheet1!H29*1000,1) -> 109.1 | I29: =ROUND(Sheet1!I29*1000,1) -> 290.7 | J29: =ROUND(Sheet1!J29*1000,1) -> 125.2 | ... L29: =ROUND(Sheet1!L29*1000,1) -> 154.2
A30: flag->VMMeso | B30: (µmol N m-2 d-1) | C30: =ROUND(Sheet1!C30*1000,1) -> #VALUE! | D30: =ROUND(Sheet1!D30*1000,1) -> #VALUE! | E30: =ROUND(Sheet1!E30*1000,1) -> 512.1 | F30: =ROUND(Sheet1!F30*1000,1) -> 222.6 | G30: =ROUND(Sheet1!G30*1000,1) -> 94.6 | H30: =ROUND(Sheet1!H30*1000,1) -> 49.9 | I30: =ROUND(Sheet1!I30*1000,1) -> 112.1 | J30: =ROUND(Sheet1!J30*1000,1) -> 78.7 | ... L30: =ROUND(Sheet1!L30*1000,1) -> 127.4
A31: flag->Macro | B31: (µmol N m-2 d-1) | C31: =ROUND(Sheet1!C31*1000,1) -> 18.9 | D31: =ROUND(Sheet1!D31*1000,1) -> 14.8 | E31: =ROUND(Sheet1!E31*1000,1) -> 56 | F31: =ROUND(Sheet1!F31*1000,1) -> 41.2 | G31: =ROUND(Sheet1!G31*1000,1) -> 8.9 | H31: =ROUND(Sheet1!H31*1000,1) -> 6.9 | I31: =ROUND(Sheet1!I31*1000,1) -> 9.6 | J31: =ROUND(Sheet1!J31*1000,1) -> 7.7 | ... L31: =ROUND(Sheet1!L31*1000,1) -> 17.7
A32: flag->VMMacro | B32: (µmol N m-2 d-1) | C32: =ROUND(Sheet1!C32*1000,1) -> 10.2 | D32: =ROUND(Sheet1!D32*1000,1) -> 8.1 | E32: =ROUND(Sheet1!E32*1000,1) -> 39.4 | F32: =ROUND(Sheet1!F32*1000,1) -> 30.5 | G32: =ROUND(Sheet1!G32*1000,1) -> 5.6 | H32: =ROUND(Sheet1!H32*1000,1) -> 4.3 | I32: =ROUND(Sheet1!I32*1000,1) -> 6.4 | J32: =ROUND(Sheet1!J32*1000,1) -> 5.3 | ... L32: =ROUND(Sheet1!L32*1000,1) -> 0.7
A33: flag->Salp | B33: (µmol N m-2 d-1) | C33: =ROUND(Sheet1!C33*1000,1) -> 2419.4 | D33: =ROUND(Sheet1!D33*1000,1) -> 630.7 | E33: =ROUND(Sheet1!E33*1000,1) -> 1194.6 | F33: =ROUND(Sheet1!F33*1000,1) -> 369.3 | G33: =ROUND(Sheet1!G33*1000,1) -> 42.4 | H33: =ROUND(Sheet1!H33*1000,1) -> 14.5 | I33: =ROUND(Sheet1!I33*1000,1) -> 1800.3 | J33: =ROUND(Sheet1!J33*1000,1) -> 405.6 | ... L33: =ROUND(Sheet1!L33*1000,1) -> 1.8
A34: flag->dom | B34: (µmol N m-2 d-1) | C34: =ROUND(Sheet1!C34*1000,1) -> 865.7 | D34: =ROUND(Sheet1!D34*1000,1) -> 456.3 | E34: =ROUND(Sheet1!E34*1000,1) -> 609.8 | F34: =ROUND(Sheet1!F34*1000,1) -> 277.2 | G34: =ROUND(Sheet1!G34*1000,1) -> 181 | H34: =ROUND(Sheet1!H34*1000,1) -> 96.1 | I34: =ROUND(Sheet1!I34*1000,1) -> 1476.6 | J34: =ROUND(Sheet1!J34*1000,1) -> 655.5 | ... L34: =ROUND(Sheet1!L34*1000,1) -> 149.5
A35: flag->sdet | B35: (µmol N m-2 d-1) | C35: =ROUND(Sheet1!C35*1000,1) -> 251.1 | D35: =ROUND(Sheet1!D35*1000,1) -> 157.7 | E35: =ROUND(Sheet1!E35*1000,1) -> 283.3 | F35: =ROUND(Sheet1!F35*1000,1) -> 159.2 | G35: =ROUND(Sheet1!G35*1000,1) -> 161 | H35: =ROUND(Sheet1!H35*1000,1) -> 107.4 | I35: =ROUND(Sheet1!I35*1000,1) -> 207.1 | J35: =ROUND(Sheet1!J35*1000,1) -> 134.6 | ... L35: =ROUND(Sheet1!L35*1000,1) -> 117.1
A36: hnf->mic | B36: (µmol N m-2 d-1) | C36: =ROUND(Sheet1!C36*1000,1) -> 200.3 | D36: =ROUND(Sheet1!D36*1000,1) -> 177.1 | E36: =ROUND(Sheet1!E36*1000,1) -> 64.4 | F36: =ROUND(Sheet1!F36*1000,1) -> 55.4 | G36: =ROUND(Sheet1!G36*1000,1) -> 83.8 | H36: =ROUND(Sheet1!H36*1000,1) -> 76 | I36: =ROUND(Sheet1!I36*1000,1) -> 173.8 | J36: =ROUND(Sheet1!J36*1000,1) -> 162.4 | ... L36: =ROUND(Sheet1!L36*1000,1) -> 117
A37: hnf->Meso | B37: (µmol N m-2 d-1) | C37: =ROUND(Sheet1!C37*1000,1) -> 331.1 | D37: =ROUND(Sheet1!D37*1000,1) -> 254.7 | E37: =ROUND(Sheet1!E37*1000,1) -> 292.4 | F37: =ROUND(Sheet1!F37*1000,1) -> 246.3 | G37: =ROUND(Sheet1!G37*1000,1) -> 1984 | H37: =ROUND(Sheet1!H37*1000,1) -> 791.6 | I37: =ROUND(Sheet1!I37*1000,1) -> 302 | J37: =ROUND(Sheet1!J37*1000,1) -> 235.9 | ... L37: =ROUND(Sheet1!L37*1000,1) -> 225.4
... A80: Macro->ldet | B80: (µmol N m-2 d-1) | C80: =ROUND(Sheet1!C80*1000,1) -> 40.8 | D80: =ROUND(Sheet1!D80*1000,1) -> 17 | E80: =ROUND(Sheet1!E80*1000,1) -> 117.3 | F80: =ROUND(Sheet1!F80*1000,1) -> 51.3 | G80: =ROUND(Sheet1!G80*1000,1) -> 25.4 | H80: =ROUND(Sheet1!H80*1000,1) -> 12 | I80: =ROUND(Sheet1!I80*1000,1) -> 37.4 | J80: =ROUND(Sheet1!J80*1000,1) -> 17.6 | ... L80: =ROUND(Sheet1!L80*1000,1) -> 65.3
A81: VMMacro->PiscivFish | B81: (µmol N m-2 d-1) | C81: =ROUND(Sheet1!C81*1000,1) -> 2.4 | D81: =ROUND(Sheet1!D81*1000,1) -> 1 | E81: =ROUND(Sheet1!E81*1000,1) -> 1.8 | F81: =ROUND(Sheet1!F81*1000,1) -> 0.8 | G81: =ROUND(Sheet1!G81*1000,1) -> 1.4 | H81: =ROUND(Sheet1!H81*1000,1) -> 0.6 | I81: =ROUND(Sheet1!I81*1000,1) -> 0.7 | J81: =ROUND(Sheet1!J81*1000,1) -> 0.3 | K81: =ROUND(Sheet1!K81*1000,2) -> 0.02 | L81: =ROUND(Sheet1!L81*1000,2) -> 0.01
A82: VMMacro->gel | B82: (µmol N m-2 d-1) | C82: =ROUND(Sheet1!C82*1000,1) -> 31 | D82: =ROUND(Sheet1!D82*1000,1) -> 11.6 | E82: =ROUND(Sheet1!E82*1000,1) -> 112 | F82: =ROUND(Sheet1!F82*1000,1) -> 40.4 | G82: =ROUND(Sheet1!G82*1000,1) -> 3.6 | H82: =ROUND(Sheet1!H82*1000,1) -> 2.7 | I82: =ROUND(Sheet1!I82*1000,1) -> 17.5 | J82: =ROUND(Sheet1!J82*1000,1) -> 6.1 | ... L82: =ROUND(Sheet1!L82*1000,1) -> 0.4
A83: VMMacro->Myct | B83: (µmol N m-2 d-1) | C83: =ROUND(Sheet1!C83*1000,1) -> 33.8 | D83: =ROUND(Sheet1!D83*1000,1) -> 10.1 | E83: =ROUND(Sheet1!E83*1000,1) -> 19.4 | F83: =ROUND(Sheet1!F83*1000,1) -> 8.3 | G83: =ROUND(Sheet1!G83*1000,1) -> 23.2 | H83: =ROUND(Sheet1!H83*1000,1) -> 5.1 | I83: =ROUND(Sheet1!I83*1000,1) -> 10.2 | J83: =ROUND(Sheet1!J83*1000,1) -> 3.3 | ... L83: =ROUND(Sheet1!L83*1000,1) -> 0.1
A84: VMMacro->HTL | B84: (µmol N m-2 d-1) | C84: =ROUND(Sheet1!C84*1000,1) -> 8.2 | D84: =ROUND(Sheet1!D84*1000,1) -> 3.4 | E84: =ROUND(Sheet1!E84*1000,1) -> 5.8 | F84: =ROUND(Sheet1!F84*1000,1) -> 2.7 | G84: =ROUND(Sheet1!G84*1000,1) -> 5.1 | H84: =ROUND(Sheet1!H84*1000,1) -> 2 | I84: =ROUND(Sheet1!I84*1000,1) -> 2.6 | J84: =ROUND(Sheet1!J84*1000,1) -> 1.1 | K84: =ROUND(Sheet1!K84*1000,1) -> 0.1 | L84: =ROUND(Sheet1!L84*1000,2) -> 0.03
A85: VMMacro->nh4 | B85: (µmol N m-2 d-1) | C85: =ROUND(Sheet1!C85*1000,1) -> 84.2 | D85: =ROUND(Sheet1!D85*1000,1) -> 57.1 | E85: =ROUND(Sheet1!E85*1000,1) -> 93.6 | F85: =ROUND(Sheet1!F85*1000,1) -> 63.6 | G85: =ROUND(Sheet1!G85*1000,1) -> 44.6 | H85: =ROUND(Sheet1!H85*1000,1) -> 26.6 | I85: =ROUND(Sheet1!I85*1000,1) -> 36.6 | J85: =ROUND(Sheet1!J85*1000,1) -> 24.6 | K85: =ROUND(Sheet1!K85*1000,1) -> 1.2 | L85: 3.1e-14
A86: VMMacro->dom | B86: (µmol N m-2 d-1) | C86: =ROUND(Sheet1!C86*1000,1) -> 44.7 | D86: =ROUND(Sheet1!D86*1000,1) -> 32.4 | E86: =ROUND(Sheet1!E86*1000,1) -> 56.5 | F86: =ROUND(Sheet1!F86*1000,1) -> 41.4 | G86: =ROUND(Sheet1!G86*1000,1) -> 20.8 | H86: =ROUND(Sheet1!H86*1000,1) -> 14.9 | I86: =ROUND(Sheet1!I86*1000,1) -> 19.1 | J86: =ROUND(Sheet1!J86*1000,1) -> 13.9 | K86: =ROUND(Sheet1!K86*1000,1) -> 0.6 | L86: 3.9e-15
A87: VMMacro->ldet | B87: (µmol N m-2 d-1) | C87: =ROUND(Sheet1!C87*1000,1) -> 109.5 | D87: =ROUND(Sheet1!D87*1000,1) -> 52.5 | E87: =ROUND(Sheet1!E87*1000,1) -> 206 | F87: =ROUND(Sheet1!F87*1000,1) -> 109.1 | G87: =ROUND(Sheet1!G87*1000,1) -> 45.1 | H87: =ROUND(Sheet1!H87*1000,1) -> 21.2 | I87: =ROUND(Sheet1!I87*1000,1) -> 46.3 | J87: =ROUND(Sheet1!J87*1000,1) -> 22.7 | ... L87: =ROUND(Sheet1!L87*1000,1) -> 0.5
A88: VMMacro->dnh4 | B88: (µmol N m-2 d-1) | C88: =ROUND(Sheet1!C88*1000,1) -> 83.5 | D88: =ROUND(Sheet1!D88*1000,1) -> 56.8 | E88: =ROUND(Sheet1!E88*1000,1) -> 96.3 | F88: =ROUND(Sheet1!F88*1000,1) -> 66.4 | G88: =ROUND(Sheet1!G88*1000,1) -> 37.2 | H88: =ROUND(Sheet1!H88*1000,1) -> 23.8 | I88: =ROUND(Sheet1!I88*1000,1) -> 33.3 | J88: =ROUND(Sheet1!J88*1000,1) -> 23.8 | K88: =ROUND(Sheet1!K88*1000,2) -> 0.04 | L88: 2.4e-16
A89: VMMacro->ddom | B89: (µmol N m-2 d-1) | C89: =ROUND(Sheet1!C89*1000,1) -> 44.9 | D89: =ROUND(Sheet1!D89*1000,1) -> 32.4 | E89: =ROUND(Sheet1!E89*1000,1) -> 52.9 | F89: =ROUND(Sheet1!F89*1000,1) -> 39.4 | G89: =ROUND(Sheet1!G89*1000,1) -> 20 | H89: =ROUND(Sheet1!H89*1000,1) -> 14.5 | I89: =ROUND(Sheet1!I89*1000,1) -> 18.5 | J89: =ROUND(Sheet1!J89*1000,1) -> 13.7 | K89: =ROUND(Sheet1!K89*1000,2) -> 0.03 | L89: 2.9e-16
A90: gel->Amph | B90: (µmol N m-2 d-1) | C90: =ROUND(Sheet1!C90*1000,1) -> 14.4 | D90: =ROUND(Sheet1!D90*1000,1) -> 4 | E90: =ROUND(Sheet1!E90*1000,1) -> 0.6 | F90: =ROUND(Sheet1!F90*1000,1) -> 0.3 | G90: =ROUND(Sheet1!G90*1000,2) -> 0.03 | H90: =ROUND(Sheet1!H90*1000,2) -> 0.01 | I90: =ROUND(Sheet1!I90*1000,1) -> 4.5 | J90: =ROUND(Sheet1!J90*1000,1) -> 0.4 | K90: =ROUND(Sheet1!K90*1000,1) -> 23.8 | L90: =ROUND(Sheet1!L90*1000,1) -> 3.9
A91: gel->Myct | B91: (µmol N m-2 d-1) | C91: =ROUND(Sheet1!C91*1000,1) -> 0.2 | D91: =ROUND(Sheet1!D91*1000,1) -> 0.1 | E91: =ROUND(Sheet1!E91*1000,1) -> 24.2 | F91: =ROUND(Sheet1!F91*1000,1) -> 2.8 | G91: =ROUND(Sheet1!G91*1000,1) -> 1.7 | H91: =ROUND(Sheet1!H91*1000,1) -> 0.1 | I91: =ROUND(Sheet1!I91*1000,1) -> 1.1 | J91: =ROUND(Sheet1!J91*1000,1) -> 0.3 | ... L91: =ROUND(Sheet1!L91*1000,1) -> 0.2
A92: gel->GelativFish | B92: (µmol N m-2 d-1) | C92: =ROUND(Sheet1!C92*1000,1) -> 0.1 | D92: =ROUND(Sheet1!D92*1000,2) -> 0.05 | E92: =ROUND(Sheet1!E92*1000,1) -> 9.5 | F92: =ROUND(Sheet1!F92*1000,1) -> 2.1 | G92: =ROUND(Sheet1!G92*1000,1) -> 0.6 | H92: =ROUND(Sheet1!H92*1000,1) -> 0.1 | I92: =ROUND(Sheet1!I92*1000,1) -> 0.5 | J92: =ROUND(Sheet1!J92*1000,1) -> 0.2 | K92: =ROUND(Sheet1!K92*1000,1) -> 0.3 | L92: =ROUND(Sheet1!L92*1000,1) -> 0.1
A93: gel->HTL | B93: (µmol N m-2 d-1) | C93: =ROUND(Sheet1!C93*1000,1) -> 0.1 | D93: =ROUND(Sheet1!D93*1000,2) -> 0.04 | E93: =ROUND(Sheet1!E93*1000,1) -> 8 | F93: =ROUND(Sheet1!F93*1000,1) -> 1.9 | G93: =ROUND(Sheet1!G93*1000,1) -> 0.5 | H93: =ROUND(Sheet1!H93*1000,2) -> 0.05 | I93: =ROUND(Sheet1!I93*1000,1) -> 0.4 | J93: =ROUND(Sheet1!J93*1000,1) -> 0.1 | K93: =ROUND(Sheet1!K93*1000,1) -> 0.2 | L93: =ROUND(Sheet1!L93*1000,1) -> 0.1
A94: gel->nh4 | B94: (µmol N m-2 d-1) | C94: =ROUND(Sheet1!C94*1000,1) -> 21.6 | D94: =ROUND(Sheet1!D94*1000,1) -> 6 | E94: =ROUND(Sheet1!E94*1000,1) -> 169.6 | F94: =ROUND(Sheet1!F94*1000,1) -> 4.3 | G94: =ROUND(Sheet1!G94*1000,1) -> 12.3 | H94: =ROUND(Sheet1!H94*1000,2) -> 0.03 | I94: =ROUND(Sheet1!I94*1000,1) -> 25.4 | J94: =ROUND(Sheet1!J94*1000,1) -> 0.8 | K94: =ROUND(Sheet1!K94*1000,1) -> 48.8 | L94: =ROUND(Sheet1!L94*1000,1) -> 15.4
A95: gel->dom | B95: (µmol N m-2 d-1) | C95: =ROUND(Sheet1!C95*1000,1) -> 11.3 | D95: =ROUND(Sheet1!D95*1000,1) -> 3.7 | E95: =ROUND(Sheet1!E95*1000,1) -> 32.1 | F95: =ROUND(Sheet1!F95*1000,1) -> 5 | G95: =ROUND(Sheet1!G95*1000,1) -> 1.9 | H95: =ROUND(Sheet1!H95*1000,2) -> 0.04 | I95: =ROUND(Sheet1!I95*1000,1) -> 5.1 | J95: =ROUND(Sheet1!J95*1000,1) -> 0.9 | K95: =ROUND(Sheet1!K95*1000,1) -> 25.2 | L95: =ROUND(Sheet1!L95*1000,1) -> 9.2
A96: gel->ldet | B96: (µmol N m-2 d-1) | C96: =ROUND(Sheet1!C96*1000,1) -> 15.8 | D96: =ROUND(Sheet1!D96*1000,1) -> 6.5 | E96: =ROUND(Sheet1!E96*1000,1) -> 32.5 | F96: =ROUND(Sheet1!F96*1000,1) -> 5.4 | G96: =ROUND(Sheet1!G96*1000,1) -> 1.9 | H96: =ROUND(Sheet1!H96*1000,2) -> 0.04 | I96: =ROUND(Sheet1!I96*1000,1) -> 5.1 | J96: =ROUND(Sheet1!J96*1000,1) -> 1 | K96: =ROUND(Sheet1!K96*1000,1) -> 37.2 | L96: =ROUND(Sheet1!L96*1000,1) -> 16.1
A97: Myct->PiscivFish | B97: (µmol N m-2 d-1) | C97: =ROUND(Sheet1!C97*1000,1) -> 16 | D97: =ROUND(Sheet1!D97*1000,1) -> 4.7 | E97: =ROUND(Sheet1!E97*1000,1) -> 16 | F97: =ROUND(Sheet1!F97*1000,1) -> 4.7 | G97: =ROUND(Sheet1!G97*1000,1) -> 13.4 | H97: =ROUND(Sheet1!H97*1000,1) -> 3.9 | I97: =ROUND(Sheet1!I97*1000,1) -> 12.5 | J97: =ROUND(Sheet1!J97*1000,1) -> 3.5 | ... L97: =ROUND(Sheet1!L97*1000,1) -> 1.6
A98: Myct->nh4 | B98: (µmol N m-2 d-1) | C98: =ROUND(Sheet1!C98*1000,1) -> 66.3 | D98: =ROUND(Sheet1!D98*1000,1) -> 44.7 | E98: =ROUND(Sheet1!E98*1000,1) -> 57.7 | F98: =ROUND(Sheet1!F98*1000,1) -> 39.6 | G98: =ROUND(Sheet1!G98*1000,1) -> 61.8 | H98: =ROUND(Sheet1!H98*1000,1) -> 40.5 | I98: =ROUND(Sheet1!I98*1000,1) -> 54.5 | J98: =ROUND(Sheet1!J98*1000,1) -> 34.3 | ... L98: =ROUND(Sheet1!L98*1000,1) -> 18
A99: Myct->dom | B99: (µmol N m-2 d-1) | C99: =ROUND(Sheet1!C99*1000,1) -> 34.6 | D99: =ROUND(Sheet1!D99*1000,1) -> 25 | E99: =ROUND(Sheet1!E99*1000,1) -> 28 | F99: =ROUND(Sheet1!F99*1000,1) -> 21.4 | G99: =ROUND(Sheet1!G99*1000,1) -> 29.7 | H99: =ROUND(Sheet1!H99*1000,1) -> 22.3 | I99: =ROUND(Sheet1!I99*1000,1) -> 25.7 | J99: =ROUND(Sheet1!J99*1000,1) -> 18.5 | ... L99: =ROUND(Sheet1!L99*1000,1) -> 9.1
A100: Myct->dnh4 | B100: (µmol N m-2 d-1) | C100: =ROUND(Sheet1!C100*1000,1) -> 62.2 | D100: =ROUND(Sheet1!D100*1000,1) -> 43.4 | E100: =ROUND(Sheet1!E100*1000,1) -> 57.2 | F100: =ROUND(Sheet1!F100*1000,1) -> 39.2 | G100: =ROUND(Sheet1!G100*1000,1) -> 48.2 | H100: =ROUND(Sheet1!H100*1000,1) -> 29.8 | I100: =ROUND(Sheet1!I100*1000,1) -> 41 | J100: =ROUND(Sheet1!J100*1000,1) -> 30.6 | ... L100: =ROUND(Sheet1!L100*1000,1) -> 17.4
A101: Myct->ddom | B101: (µmol N m-2 d-1) | C101: =ROUND(Sheet1!C101*1000,1) -> 33.5 | D101: =ROUND(Sheet1!D101*1000,1) -> 24.5 | E101: =ROUND(Sheet1!E101*1000,1) -> 27.6 | F101: =ROUND(Sheet1!F101*1000,1) -> 21 | G101: =ROUND(Sheet1!G101*1000,1) -> 22.9 | H101: =ROUND(Sheet1!H101*1000,1) -> 19.5 | I101: =ROUND(Sheet1!I101*1000,1) -> 22.6 | J101: =ROUND(Sheet1!J101*1000,1) -> 17.2 | ... L101: =ROUND(Sheet1!L101*1000,1) -> 9.3
A102: Myct->poop | B102: (µmol N m-2 d-1) | C102: =ROUND(Sheet1!C102*1000,1) -> 75.1 | D102: =ROUND(Sheet1!D102*1000,1) -> 35.7 | E102: =ROUND(Sheet1!E102*1000,1) -> 67 | F102: =ROUND(Sheet1!F102*1000,1) -> 31.7 | G102: =ROUND(Sheet1!G102*1000,1) -> 56.9 | H102: =ROUND(Sheet1!H102*1000,1) -> 28.1 | I102: =ROUND(Sheet1!I102*1000,1) -> 53.5 | J102: =ROUND(Sheet1!J102*1000,1) -> 25.4 | ... L102: =ROUND(Sheet1!L102*1000,1) -> 14.4
A103: Myct->biomass | B103: (µmol N m-2 d-1) | C103: =ROUND(Sheet1!C103*1000,1) -> 30.8 | D103: =ROUND(Sheet1!D103*1000,1) -> 22.6 | E103: =ROUND(Sheet1!E103*1000,1) -> 27.4 | F103: =ROUND(Sheet1!F103*1000,1) -> 20 | G103: =ROUND(Sheet1!G103*1000,1) -> 22 | H103: =ROUND(Sheet1!H103*1000,1) -> 17.4 | I103: =ROUND(Sheet1!I103*1000,1) -> 20.7 | J103: =ROUND(Sheet1!J103*1000,1) -> 15.7 | ... L103: =ROUND(Sheet1!L103*1000,1) -> 8.9
A104: Salp->Amph | B104: (µmol N m-2 d-1) | C104: =ROUND(Sheet1!C104*1000,1) -> 8.8 | D104: =ROUND(Sheet1!D104*1000,1) -> 5.2 | E104: =ROUND(Sheet1!E104*1000,1) -> 0.4 | F104: =ROUND(Sheet1!F104*1000,1) -> 0.3 | G104: =ROUND(Sheet1!G104*1000,2) -> 0.01 | H104: =ROUND(Sheet1!H104*1000,2) -> 0.01 | I104: =ROUND(Sheet1!I104*1000,1) -> 0.2 | J104: =ROUND(Sheet1!J104*1000,1) -> 0.1 | K104: =ROUND(Sheet1!K104*1000,1) -> 1.1 | L104: =ROUND(Sheet1!L104*1000,1) -> 0.8
A105: Salp->Myct | B105: (µmol N m-2 d-1) | C105: =ROUND(Sheet1!C105*1000,1) -> 210.2 | D105: =ROUND(Sheet1!D105*1000,1) -> 58.4 | E105: =ROUND(Sheet1!E105*1000,1) -> 89.9 | F105: =ROUND(Sheet1!F105*1000,1) -> 31.5 | G105: =ROUND(Sheet1!G105*1000,1) -> 0.6 | H105: =ROUND(Sheet1!H105*1000,1) -> 0.3 | I105: =ROUND(Sheet1!I105*1000,1) -> 138.1 | J105: =ROUND(Sheet1!J105*1000,1) -> 38.8 | ... L105: =ROUND(Sheet1!L105*1000,1) -> 0.2
A106: Salp->nh4 | B106: (µmol N m-2 d-1) | C106: =ROUND(Sheet1!C106*1000,1) -> 858 | D106: =ROUND(Sheet1!D106*1000,1) -> 497.8 | E106: =ROUND(Sheet1!E106*1000,1) -> 224.8 | F106: =ROUND(Sheet1!F106*1000,1) -> 140.2 | G106: =ROUND(Sheet1!G106*1000,1) -> 13.7 | H106: =ROUND(Sheet1!H106*1000,1) -> 6.7 | I106: =ROUND(Sheet1!I106*1000,1) -> 406.3 | J106: =ROUND(Sheet1!J106*1000,1) -> 187.3 | K106: =ROUND(Sheet1!K106*1000,1) -> 2.5 | L106: 2.4e-14
A107: Salp->dom | B107: (µmol N m-2 d-1) | C107: =ROUND(Sheet1!C107*1000,1) -> 420.8 | D107: =ROUND(Sheet1!D107*1000,1) -> 283.8 | E107: =ROUND(Sheet1!E107*1000,1) -> 124.5 | F107: =ROUND(Sheet1!F107*1000,1) -> 84.7 | G107: =ROUND(Sheet1!G107*1000,1) -> 8.5 | H107: =ROUND(Sheet1!H107*1000,1) -> 5.2 | I107: =ROUND(Sheet1!I107*1000,1) -> 213.6 | J107: =ROUND(Sheet1!J107*1000,1) -> 118.9 | K107: =ROUND(Sheet1!K107*1000,1) -> 1.4 | L107: 1.7e-14
A108: Salp->SalpDet | B108: (µmol N m-2 d-1) | C108: =ROUND(Sheet1!C108*1000,1) -> 956.2 | D108: =ROUND(Sheet1!D108*1000,1) -> 307.5 | E108: =ROUND(Sheet1!E108*1000,1) -> 734.4 | F108: =ROUND(Sheet1!F108*1000,1) -> 175.6 | G108: =ROUND(Sheet1!G108*1000,1) -> 16.1 | H108: =ROUND(Sheet1!H108*1000,1) -> 4.4 | I108: =ROUND(Sheet1!I108*1000,1) -> 927.2 | J108: =ROUND(Sheet1!J108*1000,1) -> 179.8 | ... L108: =ROUND(Sheet1!L108*1000,1) -> 1.1
A109: Salp->SalpMort | B109: (µmol N m-2 d-1) | C109: =ROUND(Sheet1!C109*1000,1) -> 584.7 | D109: =ROUND(Sheet1!D109*1000,1) -> 274.3 | E109: =ROUND(Sheet1!E109*1000,1) -> 209.1 | F109: =ROUND(Sheet1!F109*1000,1) -> 90.6 | G109: =ROUND(Sheet1!G109*1000,1) -> 16.1 | H109: =ROUND(Sheet1!H109*1000,1) -> 6.5 | I109: =ROUND(Sheet1!I109*1000,1) -> 220.8 | J109: =ROUND(Sheet1!J109*1000,1) -> 102.1 | ... L109: =ROUND(Sheet1!L109*1000,1) -> 0.9
A110: Salp->HTL | B110: (µmol N m-2 d-1) | C110: =ROUND(Sheet1!C110*1000,1) -> 67.9 | D110: =ROUND(Sheet1!D110*1000,1) -> 31 | E110: =ROUND(Sheet1!E110*1000,1) -> 34.3 | F110: =ROUND(Sheet1!F110*1000,1) -> 15.7 | G110: =ROUND(Sheet1!G110*1000,1) -> 0.3 | H110: =ROUND(Sheet1!H110*1000,1) -> 0.1 | I110: =ROUND(Sheet1!I110*1000,1) -> 44.6 | J110: =ROUND(Sheet1!J110*1000,1) -> 20.7 | ... L110: =ROUND(Sheet1!L110*1000,1) -> 0.1
A111: Salp->dnh4 | B111: (µmol N m-2 d-1) | C111: =ROUND(Sheet1!C111*1000,1) -> 690.5 | D111: =ROUND(Sheet1!D111*1000,1) -> 471 | E111: =ROUND(Sheet1!E111*1000,1) -> 211 | F111: =ROUND(Sheet1!F111*1000,1) -> 138.3 | G111: =ROUND(Sheet1!G111*1000,1) -> 6.2 | H111: =ROUND(Sheet1!H111*1000,1) -> 5.9 | I111: =ROUND(Sheet1!I111*1000,1) -> 163.7 | J111: =ROUND(Sheet1!J111*1000,1) -> 144.6 | ... L111: =ROUND(Sheet1!L111*1000,1) -> 0
A112: Salp->ddom | B112: (µmol N m-2 d-1) | C112: =ROUND(Sheet1!C112*1000,1) -> 362.6 | D112: =ROUND(Sheet1!D112*1000,1) -> 267.7 | E112: =ROUND(Sheet1!E112*1000,1) -> 126.8 | F112: =ROUND(Sheet1!F112*1000,1) -> 84.6 | G112: =ROUND(Sheet1!G112*1000,1) -> 3.4 | H112: =ROUND(Sheet1!H112*1000,1) -> 2.5 | I112: =ROUND(Sheet1!I112*1000,1) -> 116.7 | J112: =ROUND(Sheet1!J112*1000,1) -> 94.9 | ... L112: =ROUND(Sheet1!L112*1000,1) -> 0
A113: SalpMort->GelativFish | B113: (µmol N m-2 d-1) | C113: =ROUND(Sheet1!C113*1000,1) -> 112.1 | D113: =ROUND(Sheet1!D113*1000,1) -> 30.9 | E113: =ROUND(Sheet1!E113*1000,1) -> 54.5 | F113: =ROUND(Sheet1!F113*1000,1) -> 16.1 | G113: =ROUND(Sheet1!G113*1000,1) -> 0.4 | H113: =ROUND(Sheet1!H113*1000,1) -> 0.2 | I113: =ROUND(Sheet1!I113*1000,1) -> 74.5 | J113: =ROUND(Sheet1!J113*1000,1) -> 20.5 | ... L113: =ROUND(Sheet1!L113*1000,1) -> 0.1
A114: SalpMort->Sink | B114: (µmol N m-2 d-1) | C114: =ROUND(Sheet1!C114*1000,1) -> 472.7 | D114: =ROUND(Sheet1!D114*1000,1) -> 275.8 | E114: =ROUND(Sheet1!E114*1000,1) -> 154.6 | F114: =ROUND(Sheet1!F114*1000,1) -> 91.5 | G114: =ROUND(Sheet1!G114*1000,1) -> 15.7 | H114: =ROUND(Sheet1!H114*1000,1) -> 6.5 | I114: =ROUND(Sheet1!I114*1000,1) -> 146.3 | J114: =ROUND(Sheet1!J114*1000,1) -> 102.8 | ... L114: =ROUND(Sheet1!L114*1000,1) -> 0.9
A115: Amph->PiscivFish | B115: (µmol N m-2 d-1) | C115: =ROUND(Sheet1!C115*1000,1) -> 0.2 | D115: =ROUND(Sheet1!D115*1000,1) -> 0.1 | E115: =ROUND(Sheet1!E115*1000,2) -> 0.01 | F115: =ROUND(Sheet1!F115*1000,3) -> 0.003 | G115: =ROUND(Sheet1!G115*1000,4) -> 0.0002 | H115: =ROUND(Sheet1!H115*1000,4) -> 0.0001 | I115: =ROUND(Sheet1!I115*1000,2) -> 0.02 | J115: =ROUND(Sheet1!J115*1000,2) -> 0.01 | K115: =ROUND(Sheet1!K115*1000,1) -> 0.2 | L115: =ROUND(Sheet1!L115*1000,1) -> 0.1
A116: Amph->Myct | B116: (µmol N m-2 d-1) | C116: =ROUND(Sheet1!C116*1000,1) -> 3 | D116: =ROUND(Sheet1!D116*1000,1) -> 0.7 | E116: =ROUND(Sheet1!E116*1000,1) -> 0.1 | F116: =ROUND(Sheet1!F116*1000,2) -> 0.03 | G116: =ROUND(Sheet1!G116*1000,2) -> 0.01 | H116: =ROUND(Sheet1!H116*1000,3) -> 0.001 | I116: =ROUND(Sheet1!I116*1000,1) -> 0.6 | J116: =ROUND(Sheet1!J116*1000,1) -> 0.1 | K116: =ROUND(Sheet1!K116*1000,1) -> 3.2 | L116: =ROUND(Sheet1!L116*1000,1) -> 0.6
A117: Amph->HTL | B117: (µmol N m-2 d-1) | C117: =ROUND(Sheet1!C117*1000,1) -> 0.7 | D117: =ROUND(Sheet1!D117*1000,1) -> 0.3 | E117: =ROUND(Sheet1!E117*1000,2) -> 0.03 | F117: =ROUND(Sheet1!F117*1000,2) -> 0.01 | G117: =ROUND(Sheet1!G117*1000,3) -> 0.001 | H117: =ROUND(Sheet1!H117*1000,4) -> 0.0003 | I117: =ROUND(Sheet1!I117*1000,1) -> 0.1 | J117: =ROUND(Sheet1!J117*1000,2) -> 0.03 | K117: =ROUND(Sheet1!K117*1000,1) -> 0.7 | L117: =ROUND(Sheet1!L117*1000,1) -> 0.3
A118: Amph->nh4 | B118: (µmol N m-2 d-1) | C118: =ROUND(Sheet1!C118*1000,1) -> 9.4 | D118: =ROUND(Sheet1!D118*1000,1) -> 2.3 | E118: =ROUND(Sheet1!E118*1000,1) -> 0.4 | F118: =ROUND(Sheet1!F118*1000,1) -> 0.1 | G118: =ROUND(Sheet1!G118*1000,2) -> 0.02 | H118: =ROUND(Sheet1!H118*1000,3) -> 0.002 | I118: =ROUND(Sheet1!I118*1000,1) -> 1.7 | J118: =ROUND(Sheet1!J118*1000,1) -> 0.5 | K118: =ROUND(Sheet1!K118*1000,1) -> 9.6 | L118: =ROUND(Sheet1!L118*1000,1) -> 2.6
A119: Amph->dom | B119: (µmol N m-2 d-1) | C119: =ROUND(Sheet1!C119*1000,1) -> 4.4 | D119: =ROUND(Sheet1!D119*1000,1) -> 1.8 | E119: =ROUND(Sheet1!E119*1000,1) -> 0.2 | F119: =ROUND(Sheet1!F119*1000,1) -> 0.1 | G119: =ROUND(Sheet1!G119*1000,2) -> 0.01 | H119: =ROUND(Sheet1!H119*1000,3) -> 0.002 | I119: =ROUND(Sheet1!I119*1000,1) -> 0.9 | J119: =ROUND(Sheet1!J119*1000,1) -> 0.3 | K119: =ROUND(Sheet1!K119*1000,1) -> 4.7 | L119: =ROUND(Sheet1!L119*1000,1) -> 1.7
A120: Amph->ldet | B120: (µmol N m-2 d-1) | C120: =ROUND(Sheet1!C120*1000,1) -> 5.4 | D120: =ROUND(Sheet1!D120*1000,1) -> 2.7 | E120: =ROUND(Sheet1!E120*1000,1) -> 0.2 | F120: =ROUND(Sheet1!F120*1000,1) -> 0.1 | G120: =ROUND(Sheet1!G120*1000,2) -> 0.01 | H120: =ROUND(Sheet1!H120*1000,3) -> 0.002 | I120: =ROUND(Sheet1!I120*1000,1) -> 1.3 | J120: =ROUND(Sheet1!J120*1000,1) -> 0.5 | K120: =ROUND(Sheet1!K120*1000,1) -> 6.3 | L120: =ROUND(Sheet1!L120*1000,1) -> 2.9
A121: PiscivFish->dnh4 | B121: (µmol N m-2 d-1) | C121: =ROUND(Sheet1!C121*1000,1) -> 7.1 | D121: =ROUND(Sheet1!D121*1000,1) -> 2.7 | E121: =ROUND(Sheet1!E121*1000,1) -> 6.8 | F121: =ROUND(Sheet1!F121*1000,1) -> 2.6 | G121: =ROUND(Sheet1!G121*1000,1) -> 5.7 | H121: =ROUND(Sheet1!H121*1000,1) -> 2.2 | I121: =ROUND(Sheet1!I121*1000,1) -> 5.1 | J121: =ROUND(Sheet1!J121*1000,1) -> 2 | ... L121: =ROUND(Sheet1!L121*1000,1) -> 0.9
A122: PiscivFish->ddom | B122: (µmol N m-2 d-1) | C122: =ROUND(Sheet1!C122*1000,1) -> 3.6 | D122: =ROUND(Sheet1!D122*1000,1) -> 1.5 | E122: =ROUND(Sheet1!E122*1000,1) -> 3.5 | F122: =ROUND(Sheet1!F122*1000,1) -> 1.5 | G122: =ROUND(Sheet1!G122*1000,1) -> 2.9 | H122: =ROUND(Sheet1!H122*1000,1) -> 1.2 | I122: =ROUND(Sheet1!I122*1000,1) -> 2.6 | J122: =ROUND(Sheet1!J122*1000,1) -> 1.1 | ... L122: =ROUND(Sheet1!L122*1000,1) -> 0.5
A123: PiscivFish->poop | B123: (µmol N m-2 d-1) | C123: =ROUND(Sheet1!C123*1000,1) -> 5 | D123: =ROUND(Sheet1!D123*1000,1) -> 2.4 | E123: =ROUND(Sheet1!E123*1000,1) -> 4.8 | F123: =ROUND(Sheet1!F123*1000,1) -> 2.4 | G123: =ROUND(Sheet1!G123*1000,1) -> 4 | H123: =ROUND(Sheet1!H123*1000,1) -> 2 | I123: =ROUND(Sheet1!I123*1000,1) -> 3.6 | J123: =ROUND(Sheet1!J123*1000,1) -> 1.8 | ... L123: =ROUND(Sheet1!L123*1000,1) -> 0.8
A124: PiscivFish->biomass | B124: (µmol N m-2 d-1) | C124: =ROUND(Sheet1!C124*1000,1) -> 2.9 | D124: =ROUND(Sheet1!D124*1000,1) -> 1.5 | E124: =ROUND(Sheet1!E124*1000,1) -> 2.8 | F124: =ROUND(Sheet1!F124*1000,1) -> 1.5 | G124: =ROUND(Sheet1!G124*1000,1) -> 2.3 | H124: =ROUND(Sheet1!H124*1000,1) -> 1.2 | I124: =ROUND(Sheet1!I124*1000,1) -> 2.1 | J124: =ROUND(Sheet1!J124*1000,1) -> 1.1 | ... L124: =ROUND(Sheet1!L124*1000,1) -> 0.5
A125: GelativFish->dnh4 | B125: (µmol N m-2 d-1) | C125: =ROUND(Sheet1!C125*1000,1) -> 43 | D125: =ROUND(Sheet1!D125*1000,1) -> 17 | E125: =ROUND(Sheet1!E125*1000,1) -> 24.5 | F125: =ROUND(Sheet1!F125*1000,1) -> 9.3 | G125: =ROUND(Sheet1!G125*1000,1) -> 0.4 | H125: =ROUND(Sheet1!H125*1000,1) -> 0.1 | I125: =ROUND(Sheet1!I125*1000,1) -> 28.7 | J125: =ROUND(Sheet1!J125*1000,1) -> 11.3 | ... L125: =ROUND(Sheet1!L125*1000,1) -> 0.1
A126: GelativFish->ddom | B126: (µmol N m-2 d-1) | C126: =ROUND(Sheet1!C126*1000,1) -> 21.8 | D126: =ROUND(Sheet1!D126*1000,1) -> 9.7 | E126: =ROUND(Sheet1!E126*1000,1) -> 12.4 | F126: =ROUND(Sheet1!F126*1000,1) -> 5.3 | G126: =ROUND(Sheet1!G126*1000,1) -> 0.2 | H126: =ROUND(Sheet1!H126*1000,1) -> 0.1 | I126: =ROUND(Sheet1!I126*1000,1) -> 14.5 | J126: =ROUND(Sheet1!J126*1000,1) -> 6.4 | K126: =ROUND(Sheet1!K126*1000,1) -> 0.1 | L126: =ROUND(Sheet1!L126*1000,2) -> 0.05
A127: GelativFish->poop | B127: (µmol N m-2 d-1) | C127: =ROUND(Sheet1!C127*1000,1) -> 30.2 | D127: =ROUND(Sheet1!D127*1000,1) -> 15 | E127: =ROUND(Sheet1!E127*1000,1) -> 17.2 | F127: =ROUND(Sheet1!F127*1000,1) -> 8.3 | G127: =ROUND(Sheet1!G127*1000,1) -> 0.3 | H127: =ROUND(Sheet1!H127*1000,1) -> 0.1 | I127: =ROUND(Sheet1!I127*1000,1) -> 20.1 | J127: =ROUND(Sheet1!J127*1000,1) -> 10 | ... L127: =ROUND(Sheet1!L127*1000,1) -> 0.1
A128: GelativFish->biomass | B128: (µmol N m-2 d-1) | C128: =ROUND(Sheet1!C128*1000,1) -> 17.3 | D128: =ROUND(Sheet1!D128*1000,1) -> 9.3 | E128: =ROUND(Sheet1!E128*1000,1) -> 9.9 | F128: =ROUND(Sheet1!F128*1000,1) -> 5.2 | G128: =ROUND(Sheet1!G128*1000,1) -> 0.2 | H128: =ROUND(Sheet1!H128*1000,1) -> 0.1 | I128: =ROUND(Sheet1!I128*1000,1) -> 11.6 | J128: =ROUND(Sheet1!J128*1000,1) -> 6.2 | K128: =ROUND(Sheet1!K128*1000,1) -> 0.1 | L128: =ROUND(Sheet1!L128*1000,2) -> 0.05
A129: dom->bac | B129: (µmol N m-2 d-1) | C129: =ROUND(Sheet1!C129*1000,1) -> 7528.7 | D129: =ROUND(Sheet1!D129*1000,1) -> 1501.5 | E129: =ROUND(Sheet1!E129*1000,1) -> 4185.1 | F129: =ROUND(Sheet1!F129*1000,1) -> 713.7 | G129: =ROUND(Sheet1!G129*1000,1) -> 4694.6 | H129: =ROUND(Sheet1!H129*1000,1) -> 604.4 | I129: =ROUND(Sheet1!I129*1000,1) -> 4628.7 | J129: =ROUND(Sheet1!J129*1000,1) -> 711.3 | ... L129: =ROUND(Sheet1!L129*1000,1) -> 517.5
A130: sdet->hnf | B130: (µmol N m-2 d-1) | C130: =ROUND(Sheet1!C130*1000,1) -> 1420 | D130: =ROUND(Sheet1!D130*1000,1) -> 469.5 | E130: =ROUND(Sheet1!E130*1000,1) -> 2168.6 | F130: =ROUND(Sheet1!F130*1000,1) -> 437.2 | G130: =ROUND(Sheet1!G130*1000,1) -> 4933.8 | H130: =ROUND(Sheet1!H130*1000,1) -> 1100.7 | I130: =ROUND(Sheet1!I130*1000,1) -> 1235.7 | J130: =ROUND(Sheet1!J130*1000,1) -> 480.5 | ... L130: =ROUND(Sheet1!L130*1000,1) -> 406.6
A131: sdet->mic | B131: (µmol N m-2 d-1) | C131: =ROUND(Sheet1!C131*1000,1) -> 417.5 | D131: =ROUND(Sheet1!D131*1000,1) -> 301.5 | E131: =ROUND(Sheet1!E131*1000,1) -> 105.5 | F131: =ROUND(Sheet1!F131*1000,1) -> 71.4 | G131: =ROUND(Sheet1!G131*1000,1) -> 123.7 | H131: =ROUND(Sheet1!H131*1000,1) -> 103.2 | I131: =ROUND(Sheet1!I131*1000,1) -> 1392.1 | J131: =ROUND(Sheet1!J131*1000,1) -> 678.7 | ... L131: =ROUND(Sheet1!L131*1000,1) -> 188.4
A132: sdet->dom | B132: (µmol N m-2 d-1) | C132: =ROUND(Sheet1!C132*1000,1) -> 618.7 | D132: =ROUND(Sheet1!D132*1000,1) -> 490.1 | E132: =ROUND(Sheet1!E132*1000,1) -> 177.6 | F132: =ROUND(Sheet1!F132*1000,1) -> 167.7 | G132: =ROUND(Sheet1!G132*1000,1) -> 464.2 | H132: =ROUND(Sheet1!H132*1000,1) -> 412.4 | I132: =ROUND(Sheet1!I132*1000,1) -> 294.4 | J132: =ROUND(Sheet1!J132*1000,1) -> 272.4 | ... L132: =ROUND(Sheet1!L132*1000,1) -> 181.6
A133: mdet->mic | B133: (µmol N m-2 d-1) | C133: =ROUND(Sheet1!C133*1000,1) -> 395.4 | D133: =ROUND(Sheet1!D133*1000,1) -> 300.2 | E133: =ROUND(Sheet1!E133*1000,1) -> 53.7 | F133: =ROUND(Sheet1!F133*1000,1) -> 46.8 | G133: =ROUND(Sheet1!G133*1000,1) -> 82.3 | H133: =ROUND(Sheet1!H133*1000,1) -> 73.6 | I133: =ROUND(Sheet1!I133*1000,1) -> 240.3 | J133: =ROUND(Sheet1!J133*1000,1) -> 215.5 | ... L133: =ROUND(Sheet1!L133*1000,1) -> 98.6
A134: mdet->Meso | B134: (µmol N m-2 d-1) | C134: =ROUND(Sheet1!C134*1000,1) -> 2366.1 | D134: =ROUND(Sheet1!D134*1000,1) -> 1183.7 | E134: =ROUND(Sheet1!E134*1000,1) -> 319.9 | F134: =ROUND(Sheet1!F134*1000,1) -> 268.4 | G134: =ROUND(Sheet1!G134*1000,1) -> 1234.3 | H134: =ROUND(Sheet1!H134*1000,1) -> 791.9 | I134: =ROUND(Sheet1!I134*1000,1) -> 720.2 | J134: =ROUND(Sheet1!J134*1000,1) -> 486.5 | ... L134: =ROUND(Sheet1!L134*1000,1) -> 226.1
A135: mdet->VMMeso | B135: (µmol N m-2 d-1) | C135: =ROUND(Sheet1!C135*1000,1) -> #VALUE! | D135: =ROUND(Sheet1!D135*1000,1) -> #VALUE! | E135: =ROUND(Sheet1!E135*1000,1) -> 950.4 | F135: =ROUND(Sheet1!F135*1000,1) -> 496.4 | G135: =ROUND(Sheet1!G135*1000,1) -> 2218.1 | H135: =ROUND(Sheet1!H135*1000,1) -> 1046.2 | I135: =ROUND(Sheet1!I135*1000,1) -> 757.2 | J135: =ROUND(Sheet1!J135*1000,1) -> 498.8 | ... L135: =ROUND(Sheet1!L135*1000,1) -> 395.2
A136: mdet->dom | B136: (µmol N m-2 d-1) | C136: =ROUND(Sheet1!C136*1000,1) -> 843.3 | D136: =ROUND(Sheet1!D136*1000,1) -> 721.6 | E136: =ROUND(Sheet1!E136*1000,1) -> 69.8 | F136: =ROUND(Sheet1!F136*1000,1) -> 69.7 | G136: =ROUND(Sheet1!G136*1000,1) -> 228.9 | H136: =ROUND(Sheet1!H136*1000,1) -> 210.3 | I136: =ROUND(Sheet1!I136*1000,1) -> 141.7 | J136: =ROUND(Sheet1!J136*1000,1) -> 134.2 | ... L136: =ROUND(Sheet1!L136*1000,1) -> 85.4
A137: mdet->Sink | B137: (µmol N m-2 d-1) | C137: =ROUND(Sheet1!C137*1000,1) -> 317.3 | D137: =ROUND(Sheet1!D137*1000,1) -> 207.5 | E137: =ROUND(Sheet1!E137*1000,1) -> 618.6 | F137: =ROUND(Sheet1!F137*1000,1) -> 219.7 | G137: =ROUND(Sheet1!G137*1000,1) -> 424 | H137: =ROUND(Sheet1!H137*1000,1) -> 37.8 | I137: =ROUND(Sheet1!I137*1000,1) -> 205.6 | J137: =ROUND(Sheet1!J137*1000,1) -> 191.2 | ... L137: =ROUND(Sheet1!L137*1000,1) -> 97.1
A138: ldet->dom | B138: (µmol N m-2 d-1) | C138: =ROUND(Sheet1!C138*1000,1) -> 89.1 | D138: =ROUND(Sheet1!D138*1000,1) -> 59.7 | E138: =ROUND(Sheet1!E138*1000,1) -> 59.9 | F138: =ROUND(Sheet1!F138*1000,1) -> 55.9 | G138: =ROUND(Sheet1!G138*1000,1) -> 37.3 | H138: =ROUND(Sheet1!H138*1000,1) -> 25.9 | I138: =ROUND(Sheet1!I138*1000,1) -> 45.7 | J138: =ROUND(Sheet1!J138*1000,1) -> 29.9 | ... L138: =ROUND(Sheet1!L138*1000,1) -> 61.4
A139: ldet->Sink | B139: (µmol N m-2 d-1) | C139: =ROUND(Sheet1!C139*1000,1) -> 82.4 | D139: =ROUND(Sheet1!D139*1000,1) -> 57.3 | E139: =ROUND(Sheet1!E139*1000,1) -> 296.2 | F139: =ROUND(Sheet1!F139*1000,1) -> 128.9 | G139: =ROUND(Sheet1!G139*1000,1) -> 35.1 | H139: =ROUND(Sheet1!H139*1000,1) -> 23.2 | I139: =ROUND(Sheet1!I139*1000,1) -> 44.4 | J139: =ROUND(Sheet1!J139*1000,1) -> 30 | ... L139: =ROUND(Sheet1!L139*1000,1) -> 66.5
A140: SalpDet->dom | B140: (µmol N m-2 d-1) | C140: =ROUND(Sheet1!C140*1000,1) -> 350.9 | D140: =ROUND(Sheet1!D140*1000,1) -> 280.8 | E140: =ROUND(Sheet1!E140*1000,1) -> 64.3 | F140: =ROUND(Sheet1!F140*1000,1) -> 62.6 | G140: =ROUND(Sheet1!G140*1000,1) -> 3.3 | H140: =ROUND(Sheet1!H140*1000,1) -> 2.3 | I140: =ROUND(Sheet1!I140*1000,1) -> 113.6 | J140: =ROUND(Sheet1!J140*1000,1) -> 103.5 | ... L140: =ROUND(Sheet1!L140*1000,1) -> 1.3
A141: SalpDet->Sink | B141: (µmol N m-2 d-1) | C141: =ROUND(Sheet1!C141*1000,1) -> 605.3 | D141: =ROUND(Sheet1!D141*1000,1) -> 188.6 | E141: =ROUND(Sheet1!E141*1000,1) -> 670 | F141: =ROUND(Sheet1!F141*1000,1) -> 180 | G141: =ROUND(Sheet1!G141*1000,1) -> 12.8 | H141: =ROUND(Sheet1!H141*1000,1) -> 4.2 | I141: =ROUND(Sheet1!I141*1000,1) -> 813.6 | J141: =ROUND(Sheet1!J141*1000,1) -> 183.6 | ... L141: =ROUND(Sheet1!L141*1000,1) -> 1.3

Sheet Sheet1 (3)
A1: Flow | B1: Units | C1: Cycle 1 | D1: Cycle 2 | E1: Cycle 3 | F1: Cycle 4 | G1: Cycle 5
A2: Upwelling | B2: (µmol N m-2 d-1) | C2: ='Sheet1 (2)'!C2&"±"&'Sheet1 (2)'!D2 -> 3075.1±652.3 | D2: ='Sheet1 (2)'!E2&"±"&'Sheet1 (2)'!F2 -> 3153.3±369 | E2: ='Sheet1 (2)'!G2&"±"&'Sheet1 (2)'!H2 -> 1422±515.9 | F2: ='Sheet1 (2)'!I2&"±"&'Sheet1 (2)'!J2 -> 2308.4±438.4 | G2: ='Sheet1 (2)'!K2&"±"&'Sheet1 (2)'!L2 -> 839.2±249.4
A3: NH4->NO3 | B3: (µmol N m-2 d-1) | C3: ='Sheet1 (2)'!C3&"±"&'Sheet1 (2)'!D3 -> 4400.3±2475 | D3: ='Sheet1 (2)'!E3&"±"&'Sheet1 (2)'!F3 -> 2271±1466.8 | E3: ='Sheet1 (2)'!G3&"±"&'Sheet1 (2)'!H3 -> 2562.1±2147.1 | F3: ='Sheet1 (2)'!I3&"±"&'Sheet1 (2)'!J3 -> 3222±1868.8 | G3: ='Sheet1 (2)'!K3&"±"&'Sheet1 (2)'!L3 -> 1798.3±1133.8
A4: NH4->Pico | B4: (µmol N m-2 d-1) | C4: ='Sheet1 (2)'!C4&"±"&'Sheet1 (2)'!D4 -> 1823.1±1162.4 | D4: ='Sheet1 (2)'!E4&"±"&'Sheet1 (2)'!F4 -> 2218.7±1439.1 | E4: ='Sheet1 (2)'!G4&"±"&'Sheet1 (2)'!H4 -> 6141.8±2393.4 | F4: ='Sheet1 (2)'!I4&"±"&'Sheet1 (2)'!J4 -> 1281.9±754 | G4: ='Sheet1 (2)'!K4&"±"&'Sheet1 (2)'!L4 -> 1922.7±1090.2
A5: NH4->dtm | B5: (µmol N m-2 d-1) | C5: ='Sheet1 (2)'!C5&"±"&'Sheet1 (2)'!D5 -> 3112.2±1992.5 | D5: ='Sheet1 (2)'!E5&"±"&'Sheet1 (2)'!F5 -> 672.9±432 | E5: ='Sheet1 (2)'!G5&"±"&'Sheet1 (2)'!H5 -> 361.8±256.2 | F5: ='Sheet1 (2)'!I5&"±"&'Sheet1 (2)'!J5 -> 279.4±171.5 | G5: ='Sheet1 (2)'!K5&"±"&'Sheet1 (2)'!L5 -> 317.7±208.3
A6: NH4->flag | B6: (µmol N m-2 d-1) | C6: ='Sheet1 (2)'!C6&"±"&'Sheet1 (2)'!D6 -> 1787.8±1131.4 | D6: ='Sheet1 (2)'!E6&"±"&'Sheet1 (2)'!F6 -> 1071.1±724.1 | E6: ='Sheet1 (2)'!G6&"±"&'Sheet1 (2)'!H6 -> 348.3±249.4 | F6: ='Sheet1 (2)'!I6&"±"&'Sheet1 (2)'!J6 -> 2834.6±1798.2 | G6: ='Sheet1 (2)'!K6&"±"&'Sheet1 (2)'!L6 -> 550.8±389.4
A7: NO3->Pico | B7: (µmol N m-2 d-1) | C7: ='Sheet1 (2)'!C7&"±"&'Sheet1 (2)'!D7 -> 2161.4±1179.5 | D7: ='Sheet1 (2)'!E7&"±"&'Sheet1 (2)'!F7 -> 3354.6±1469.8 | E7: ='Sheet1 (2)'!G7&"±"&'Sheet1 (2)'!H7 -> 3083±2386 | F7: ='Sheet1 (2)'!I7&"±"&'Sheet1 (2)'!J7 -> 1328.3±753.7 | G7: ='Sheet1 (2)'!K7&"±"&'Sheet1 (2)'!L7 -> 1735.4±1094.5
A8: NO3->dtm | B8: (µmol N m-2 d-1) | C8: ='Sheet1 (2)'!C8&"±"&'Sheet1 (2)'!D8 -> 3478.7±2017 | D8: ='Sheet1 (2)'!E8&"±"&'Sheet1 (2)'!F8 -> 702±436.4 | E8: ='Sheet1 (2)'!G8&"±"&'Sheet1 (2)'!H8 -> 523.5±265.6 | F8: ='Sheet1 (2)'!I8&"±"&'Sheet1 (2)'!J8 -> 283.4±172.6 | G8: ='Sheet1 (2)'!K8&"±"&'Sheet1 (2)'!L8 -> 350.1±212.6
A9: NO3->flag | B9: (µmol N m-2 d-1) | C9: ='Sheet1 (2)'!C9&"±"&'Sheet1 (2)'!D9 -> 1835.4±1145.2 | D9: ='Sheet1 (2)'!E9&"±"&'Sheet1 (2)'!F9 -> 1367.7±766 | E9: ='Sheet1 (2)'!G9&"±"&'Sheet1 (2)'!H9 -> 377.5±257.3 | F9: ='Sheet1 (2)'!I9&"±"&'Sheet1 (2)'!J9 -> 3918.7±1817.3 | G9: ='Sheet1 (2)'!K9&"±"&'Sheet1 (2)'!L9 -> 552±378.8
A10: bac->flag | B10: (µmol N m-2 d-1) | C10: ='Sheet1 (2)'!C10&"±"&'Sheet1 (2)'!D10 -> 306.1±214.9 | D10: ='Sheet1 (2)'!E10&"±"&'Sheet1 (2)'!F10 -> 350.2±227.3 | E10: ='Sheet1 (2)'!G10&"±"&'Sheet1 (2)'!H10 -> 211.5±166.7 | F10: ='Sheet1 (2)'!I10&"±"&'Sheet1 (2)'!J10 -> 280.1±212.2 | G10: ='Sheet1 (2)'!K10&"±"&'Sheet1 (2)'!L10 -> 181.5±130.1
A11: bac->hnf | B11: (µmol N m-2 d-1) | C11: ='Sheet1 (2)'!C11&"±"&'Sheet1 (2)'!D11 -> 404.2±241.6 | D11: ='Sheet1 (2)'!E11&"±"&'Sheet1 (2)'!F11 -> 389.1±235.4 | E11: ='Sheet1 (2)'!G11&"±"&'Sheet1 (2)'!H11 -> 560.7±242 | F11: ='Sheet1 (2)'!I11&"±"&'Sheet1 (2)'!J11 -> 475.7±267.5 | G11: ='Sheet1 (2)'!K11&"±"&'Sheet1 (2)'!L11 -> 223.8±144.3
A12: bac->mic | B12: (µmol N m-2 d-1) | C12: ='Sheet1 (2)'!C12&"±"&'Sheet1 (2)'!D12 -> 177.9±154.4 | D12: ='Sheet1 (2)'!E12&"±"&'Sheet1 (2)'!F12 -> 89.8±73.5 | E12: ='Sheet1 (2)'!G12&"±"&'Sheet1 (2)'!H12 -> 145.2±106.3 | F12: ='Sheet1 (2)'!I12&"±"&'Sheet1 (2)'!J12 -> 225.1±189.6 | G12: ='Sheet1 (2)'!K12&"±"&'Sheet1 (2)'!L12 -> 132.2±108.6
A13: bac->nh4 | B13: (µmol N m-2 d-1) | C13: ='Sheet1 (2)'!C13&"±"&'Sheet1 (2)'!D13 -> 6640.5±1503.8 | D13: ='Sheet1 (2)'!E13&"±"&'Sheet1 (2)'!F13 -> 3356±700.3 | E13: ='Sheet1 (2)'!G13&"±"&'Sheet1 (2)'!H13 -> 3777.3±600.3 | F13: ='Sheet1 (2)'!I13&"±"&'Sheet1 (2)'!J13 -> 3647.8±681.9 | G13: ='Sheet1 (2)'!K13&"±"&'Sheet1 (2)'!L13 -> 2391.8±514.8
... A21: dtm->Meso | B21: (µmol N m-2 d-1) | C21: ='Sheet1 (2)'!C21&"±"&'Sheet1 (2)'!D21 -> 554±302.1 | D21: ='Sheet1 (2)'!E21&"±"&'Sheet1 (2)'!F21 -> 152.8±137 | E21: ='Sheet1 (2)'!G21&"±"&'Sheet1 (2)'!H21 -> 82.8±71.2 | F21: ='Sheet1 (2)'!I21&"±"&'Sheet1 (2)'!J21 -> 88.6±70.7 | G21: ='Sheet1 (2)'!K21&"±"&'Sheet1 (2)'!L21 -> 96±82.2
A22: dtm->VMMeso | B22: (µmol N m-2 d-1) | C22: NA | D22: ='Sheet1 (2)'!E22&"±"&'Sheet1 (2)'!F22 -> 141.8±124.8 | E22: ='Sheet1 (2)'!G22&"±"&'Sheet1 (2)'!H22 -> 56.7±43.7 | F22: ='Sheet1 (2)'!I22&"±"&'Sheet1 (2)'!J22 -> 62.7±52.6 | G22: ='Sheet1 (2)'!K22&"±"&'Sheet1 (2)'!L22 -> 89.7±75.9
A23: dtm->Macro | B23: (µmol N m-2 d-1) | C23: ='Sheet1 (2)'!C23&"±"&'Sheet1 (2)'!D23 -> 19.1±15 | D23: ='Sheet1 (2)'!E23&"±"&'Sheet1 (2)'!F23 -> 41.8±35.2 | E23: ='Sheet1 (2)'!G23&"±"&'Sheet1 (2)'!H23 -> 7.3±5.8 | F23: ='Sheet1 (2)'!I23&"±"&'Sheet1 (2)'!J23 -> 10.1±8.2 | G23: ='Sheet1 (2)'!K23&"±"&'Sheet1 (2)'!L23 -> 20.4±16.2
A24: dtm->VMMacro | B24: (µmol N m-2 d-1) | C24: ='Sheet1 (2)'!C24&"±"&'Sheet1 (2)'!D24 -> 10.2±8.1 | D24: ='Sheet1 (2)'!E24&"±"&'Sheet1 (2)'!F24 -> 33±27.2 | E24: ='Sheet1 (2)'!G24&"±"&'Sheet1 (2)'!H24 -> 5.1±4.1 | F24: ='Sheet1 (2)'!I24&"±"&'Sheet1 (2)'!J24 -> 6.5±5.4 | G24: ='Sheet1 (2)'!K24&"±"&'Sheet1 (2)'!L24 -> 0.8±0.7
A25: dtm->Salp | B25: (µmol N m-2 d-1) | C25: ='Sheet1 (2)'!C25&"±"&'Sheet1 (2)'!D25 -> 1003.8±410.9 | D25: ='Sheet1 (2)'!E25&"±"&'Sheet1 (2)'!F25 -> 151.5±132 | E25: ='Sheet1 (2)'!G25&"±"&'Sheet1 (2)'!H25 -> 0.02±0.01 | F25: ='Sheet1 (2)'!I25&"±"&'Sheet1 (2)'!J25 -> 0.01±0.005 | G25: ='Sheet1 (2)'!K25&"±"&'Sheet1 (2)'!L25 -> 1.5±1.1
A26: dtm->dom | B26: (µmol N m-2 d-1) | C26: ='Sheet1 (2)'!C26&"±"&'Sheet1 (2)'!D26 -> 1560.8±840.5 | D26: ='Sheet1 (2)'!E26&"±"&'Sheet1 (2)'!F26 -> 326±170.7 | E26: ='Sheet1 (2)'!G26&"±"&'Sheet1 (2)'!H26 -> 124.1±80.9 | F26: ='Sheet1 (2)'!I26&"±"&'Sheet1 (2)'!J26 -> 111±60.5 | G26: ='Sheet1 (2)'!K26&"±"&'Sheet1 (2)'!L26 -> 145.8±78.6
A27: dtm->mdet | B27: (µmol N m-2 d-1) | C27: ='Sheet1 (2)'!C27&"±"&'Sheet1 (2)'!D27 -> 2576±998.4 | D27: ='Sheet1 (2)'!E27&"±"&'Sheet1 (2)'!F27 -> 460.1±234.9 | E27: ='Sheet1 (2)'!G27&"±"&'Sheet1 (2)'!H27 -> 514.4±173.3 | F27: ='Sheet1 (2)'!I27&"±"&'Sheet1 (2)'!J27 -> 151.1±103.4 | G27: ='Sheet1 (2)'!K27&"±"&'Sheet1 (2)'!L27 -> 218.2±135
A28: flag->mic | B28: (µmol N m-2 d-1) | C28: ='Sheet1 (2)'!C28&"±"&'Sheet1 (2)'!D28 -> 493.6±366.2 | D28: ='Sheet1 (2)'!E28&"±"&'Sheet1 (2)'!F28 -> 99.4±78.1 | E28: ='Sheet1 (2)'!G28&"±"&'Sheet1 (2)'!H28 -> 427.7±183.3 | F28: ='Sheet1 (2)'!I28&"±"&'Sheet1 (2)'!J28 -> 3518.3±589.7 | G28: ='Sheet1 (2)'!K28&"±"&'Sheet1 (2)'!L28 -> 587.7±271.3
A29: flag->Meso | B29: (µmol N m-2 d-1) | C29: ='Sheet1 (2)'!C29&"±"&'Sheet1 (2)'!D29 -> 429.8±287.4 | D29: ='Sheet1 (2)'!E29&"±"&'Sheet1 (2)'!F29 -> 845.3±293.1 | E29: ='Sheet1 (2)'!G29&"±"&'Sheet1 (2)'!H29 -> 254.9±109.1 | F29: ='Sheet1 (2)'!I29&"±"&'Sheet1 (2)'!J29 -> 290.7±125.2 | G29: ='Sheet1 (2)'!K29&"±"&'Sheet1 (2)'!L29 -> 348.7±154.2
A30: flag->VMMeso | B30: (µmol N m-2 d-1) | C30: NA | D30: ='Sheet1 (2)'!E30&"±"&'Sheet1 (2)'!F30 -> 512.1±222.6 | E30: ='Sheet1 (2)'!G30&"±"&'Sheet1 (2)'!H30 -> 94.6±49.9 | F30: ='Sheet1 (2)'!I30&"±"&'Sheet1 (2)'!J30 -> 112.1±78.7 | G30: ='Sheet1 (2)'!K30&"±"&'Sheet1 (2)'!L30 -> 251.8±127.4
A31: flag->Macro | B31: (µmol N m-2 d-1) | C31: ='Sheet1 (2)'!C31&"±"&'Sheet1 (2)'!D31 -> 18.9±14.8 | D31: ='Sheet1 (2)'!E31&"±"&'Sheet1 (2)'!F31 -> 56±41.2 | E31: ='Sheet1 (2)'!G31&"±"&'Sheet1 (2)'!H31 -> 8.9±6.9 | F31: ='Sheet1 (2)'!I31&"±"&'Sheet1 (2)'!J31 -> 9.6±7.7 | G31: ='Sheet1 (2)'!K31&"±"&'Sheet1 (2)'!L31 -> 23.5±17.7
A32: flag->VMMacro | B32: (µmol N m-2 d-1) | C32: ='Sheet1 (2)'!C32&"±"&'Sheet1 (2)'!D32 -> 10.2±8.1 | D32: ='Sheet1 (2)'!E32&"±"&'Sheet1 (2)'!F32 -> 39.4±30.5 | E32: ='Sheet1 (2)'!G32&"±"&'Sheet1 (2)'!H32 -> 5.6±4.3 | F32: ='Sheet1 (2)'!I32&"±"&'Sheet1 (2)'!J32 -> 6.4±5.3 | G32: ='Sheet1 (2)'!K32&"±"&'Sheet1 (2)'!L32 -> 0.8±0.7
A33: flag->Salp | B33: (µmol N m-2 d-1) | C33: ='Sheet1 (2)'!C33&"±"&'Sheet1 (2)'!D33 -> 2419.4±630.7 | D33: ='Sheet1 (2)'!E33&"±"&'Sheet1 (2)'!F33 -> 1194.6±369.3 | E33: ='Sheet1 (2)'!G33&"±"&'Sheet1 (2)'!H33 -> 42.4±14.5 | F33: ='Sheet1 (2)'!I33&"±"&'Sheet1 (2)'!J33 -> 1800.3±405.6 | G33: ='Sheet1 (2)'!K33&"±"&'Sheet1 (2)'!L33 -> 7.8±1.8
A34: flag->dom | B34: (µmol N m-2 d-1) | C34: ='Sheet1 (2)'!C34&"±"&'Sheet1 (2)'!D34 -> 865.7±456.3 | D34: ='Sheet1 (2)'!E34&"±"&'Sheet1 (2)'!F34 -> 609.8±277.2 | E34: ='Sheet1 (2)'!G34&"±"&'Sheet1 (2)'!H34 -> 181±96.1 | F34: ='Sheet1 (2)'!I34&"±"&'Sheet1 (2)'!J34 -> 1476.6±655.5 | G34: ='Sheet1 (2)'!K34&"±"&'Sheet1 (2)'!L34 -> 273.7±149.5
A35: flag->sdet | B35: (µmol N m-2 d-1) | C35: ='Sheet1 (2)'!C35&"±"&'Sheet1 (2)'!D35 -> 251.1±157.7 | D35: ='Sheet1 (2)'!E35&"±"&'Sheet1 (2)'!F35 -> 283.3±159.2 | E35: ='Sheet1 (2)'!G35&"±"&'Sheet1 (2)'!H35 -> 161±107.4 | F35: ='Sheet1 (2)'!I35&"±"&'Sheet1 (2)'!J35 -> 207.1±134.6 | G35: ='Sheet1 (2)'!K35&"±"&'Sheet1 (2)'!L35 -> 180.5±117.1
A36: hnf->mic | B36: (µmol N m-2 d-1) | C36: ='Sheet1 (2)'!C36&"±"&'Sheet1 (2)'!D36 -> 200.3±177.1 | D36: ='Sheet1 (2)'!E36&"±"&'Sheet1 (2)'!F36 -> 64.4±55.4 | E36: ='Sheet1 (2)'!G36&"±"&'Sheet1 (2)'!H36 -> 83.8±76 | F36: ='Sheet1 (2)'!I36&"±"&'Sheet1 (2)'!J36 -> 173.8±162.4 | G36: ='Sheet1 (2)'!K36&"±"&'Sheet1 (2)'!L36 -> 125.8±117
A37: hnf->Meso | B37: (µmol N m-2 d-1) | C37: ='Sheet1 (2)'!C37&"±"&'Sheet1 (2)'!D37 -> 331.1±254.7 | D37: ='Sheet1 (2)'!E37&"±"&'Sheet1 (2)'!F37 -> 292.4±246.3 | E37: ='Sheet1 (2)'!G37&"±"&'Sheet1 (2)'!H37 -> 1984±791.6 | F37: ='Sheet1 (2)'!I37&"±"&'Sheet1 (2)'!J37 -> 302±235.9 | G37: ='Sheet1 (2)'!K37&"±"&'Sheet1 (2)'!L37 -> 307±225.4
A38: hnf->VMMeso | B38: (µmol N m-2 d-1) | C38: NA | D38: ='Sheet1 (2)'!E38&"±"&'Sheet1 (2)'!F38 -> 902.5±371.6 | E38: ='Sheet1 (2)'!G38&"±"&'Sheet1 (2)'!H38 -> 2109.7±800.7 | F38: ='Sheet1 (2)'!I38&"±"&'Sheet1 (2)'!J38 -> 322.3±248.3 | G38: ='Sheet1 (2)'!K38&"±"&'Sheet1 (2)'!L38 -> 621±287.6
A39: hnf->Macro | B39: (µmol N m-2 d-1) | C39: ='Sheet1 (2)'!C39&"±"&'Sheet1 (2)'!D39 -> 26.6±21.8 | D39: ='Sheet1 (2)'!E39&"±"&'Sheet1 (2)'!F39 -> 86.8±67 | E39: ='Sheet1 (2)'!G39&"±"&'Sheet1 (2)'!H39 -> 16.8±13.8 | F39: ='Sheet1 (2)'!I39&"±"&'Sheet1 (2)'!J39 -> 20.7±18 | G39: ='Sheet1 (2)'!K39&"±"&'Sheet1 (2)'!L39 -> 109.3±88.5
A40: hnf->VMMacro | B40: (µmol N m-2 d-1) | C40: ='Sheet1 (2)'!C40&"±"&'Sheet1 (2)'!D40 -> 157±106.6 | D40: ='Sheet1 (2)'!E40&"±"&'Sheet1 (2)'!F40 -> 282.8±177.7 | E40: ='Sheet1 (2)'!G40&"±"&'Sheet1 (2)'!H40 -> 53.1±28.1 | F40: ='Sheet1 (2)'!I40&"±"&'Sheet1 (2)'!J40 -> 46.8±36.4 | G40: ='Sheet1 (2)'!K40&"±"&'Sheet1 (2)'!L40 -> 0.9±0.7
A41: hnf->Salp | B41: (µmol N m-2 d-1) | C41: ='Sheet1 (2)'!C41&"±"&'Sheet1 (2)'!D41 -> 345±263.7 | D41: ='Sheet1 (2)'!E41&"±"&'Sheet1 (2)'!F41 -> 165.7±152.4 | E41: ='Sheet1 (2)'!G41&"±"&'Sheet1 (2)'!H41 -> 9.8±7.1 | F41: ='Sheet1 (2)'!I41&"±"&'Sheet1 (2)'!J41 -> 143.4±129 | G41: ='Sheet1 (2)'!K41&"±"&'Sheet1 (2)'!L41 -> 0.6±0.5
A42: hnf->nh4 | B42: (µmol N m-2 d-1) | C42: ='Sheet1 (2)'!C42&"±"&'Sheet1 (2)'!D42 -> 993.1±302.3 | D42: ='Sheet1 (2)'!E42&"±"&'Sheet1 (2)'!F42 -> 1109.2±204.3 | E42: ='Sheet1 (2)'!G42&"±"&'Sheet1 (2)'!H42 -> 2803.9±400.8 | F42: ='Sheet1 (2)'!I42&"±"&'Sheet1 (2)'!J42 -> 797.5±230.7 | G42: ='Sheet1 (2)'!K42&"±"&'Sheet1 (2)'!L42 -> 833.2±177.6
A43: hnf->dom | B43: (µmol N m-2 d-1) | C43: ='Sheet1 (2)'!C43&"±"&'Sheet1 (2)'!D43 -> 546.3±187.3 | D43: ='Sheet1 (2)'!E43&"±"&'Sheet1 (2)'!F43 -> 623±146.6 | E43: ='Sheet1 (2)'!G43&"±"&'Sheet1 (2)'!H43 -> 1554.5±309.3 | F43: ='Sheet1 (2)'!I43&"±"&'Sheet1 (2)'!J43 -> 450.7±151.2 | G43: ='Sheet1 (2)'!K43&"±"&'Sheet1 (2)'!L43 -> 470.7±124.6
A44: hnf->sdet | B44: (µmol N m-2 d-1) | C44: ='Sheet1 (2)'!C44&"±"&'Sheet1 (2)'!D44 -> 801.1±357.8 | D44: ='Sheet1 (2)'!E44&"±"&'Sheet1 (2)'!F44 -> 1229.8±336.3 | E44: ='Sheet1 (2)'!G44&"±"&'Sheet1 (2)'!H44 -> 3199.4±1002.3 | F44: ='Sheet1 (2)'!I44&"±"&'Sheet1 (2)'!J44 -> 765.2±333.3 | G44: ='Sheet1 (2)'!K44&"±"&'Sheet1 (2)'!L44 -> 878.3±325.3
A45: mic->Meso | B45: (µmol N m-2 d-1) | C45: ='Sheet1 (2)'!C45&"±"&'Sheet1 (2)'!D45 -> 312.5±215.1 | D45: ='Sheet1 (2)'!E45&"±"&'Sheet1 (2)'!F45 -> 38.3±32.9 | E45: ='Sheet1 (2)'!G45&"±"&'Sheet1 (2)'!H45 -> 82±56.3 | F45: ='Sheet1 (2)'!I45&"±"&'Sheet1 (2)'!J45 -> 830±478.7 | G45: ='Sheet1 (2)'!K45&"±"&'Sheet1 (2)'!L45 -> 167.2±123.1
A46: mic->VMMeso | B46: (µmol N m-2 d-1) | C46: NA | D46: ='Sheet1 (2)'!E46&"±"&'Sheet1 (2)'!F46 -> 45.2±37.2 | E46: ='Sheet1 (2)'!G46&"±"&'Sheet1 (2)'!H46 -> 151.1±42.9 | F46: ='Sheet1 (2)'!I46&"±"&'Sheet1 (2)'!J46 -> 929.8±495.4 | G46: ='Sheet1 (2)'!K46&"±"&'Sheet1 (2)'!L46 -> 225.4±139.2
A47: mic->Macro | B47: (µmol N m-2 d-1) | C47: ='Sheet1 (2)'!C47&"±"&'Sheet1 (2)'!D47 -> 26.1±21.4 | D47: ='Sheet1 (2)'!E47&"±"&'Sheet1 (2)'!F47 -> 33.2±28.7 | E47: ='Sheet1 (2)'!G47&"±"&'Sheet1 (2)'!H47 -> 16.7±13.6 | F47: ='Sheet1 (2)'!I47&"±"&'Sheet1 (2)'!J47 -> 25.3±22.6 | G47: ='Sheet1 (2)'!K47&"±"&'Sheet1 (2)'!L47 -> 92.9±74.8
A48: mic->VMMacro | B48: (µmol N m-2 d-1) | C48: ='Sheet1 (2)'!C48&"±"&'Sheet1 (2)'!D48 -> 168.6±109.7 | D48: ='Sheet1 (2)'!E48&"±"&'Sheet1 (2)'!F48 -> 42.2±35.3 | E48: ='Sheet1 (2)'!G48&"±"&'Sheet1 (2)'!H48 -> 46.2±33.6 | F48: ='Sheet1 (2)'!I48&"±"&'Sheet1 (2)'!J48 -> 52.8±39.2 | G48: ='Sheet1 (2)'!K48&"±"&'Sheet1 (2)'!L48 -> 0.9±0.8
A49: mic->Salp | B49: (µmol N m-2 d-1) | C49: ='Sheet1 (2)'!C49&"±"&'Sheet1 (2)'!D49 -> 322.6±222 | D49: ='Sheet1 (2)'!E49&"±"&'Sheet1 (2)'!F49 -> 34.5±29.6 | E49: ='Sheet1 (2)'!G49&"±"&'Sheet1 (2)'!H49 -> 9±7 | F49: ='Sheet1 (2)'!I49&"±"&'Sheet1 (2)'!J49 -> 216.5±183.5 | G49: ='Sheet1 (2)'!K49&"±"&'Sheet1 (2)'!L49 -> 0.6±0.5
A50: mic->nh4 | B50: (µmol N m-2 d-1) | C50: ='Sheet1 (2)'!C50&"±"&'Sheet1 (2)'!D50 -> 848.9±220 | D50: ='Sheet1 (2)'!E50&"±"&'Sheet1 (2)'!F50 -> 169.7±39.8 | E50: ='Sheet1 (2)'!G50&"±"&'Sheet1 (2)'!H50 -> 311.5±74 | F50: ='Sheet1 (2)'!I50&"±"&'Sheet1 (2)'!J50 -> 1448.2±275.7 | G50: ='Sheet1 (2)'!K50&"±"&'Sheet1 (2)'!L50 -> 430.7±102.8
A51: mic->dom | B51: (µmol N m-2 d-1) | C51: ='Sheet1 (2)'!C51&"±"&'Sheet1 (2)'!D51 -> 459.3±136.3 | D51: ='Sheet1 (2)'!E51&"±"&'Sheet1 (2)'!F51 -> 93.6±26.4 | E51: ='Sheet1 (2)'!G51&"±"&'Sheet1 (2)'!H51 -> 168.1±49 | F51: ='Sheet1 (2)'!I51&"±"&'Sheet1 (2)'!J51 -> 823.3±203 | G51: ='Sheet1 (2)'!K51&"±"&'Sheet1 (2)'!L51 -> 240.2±68.7
A52: mic->sdet | B52: (µmol N m-2 d-1) | C52: ='Sheet1 (2)'!C52&"±"&'Sheet1 (2)'!D52 -> 654.9±248.7 | D52: ='Sheet1 (2)'!E52&"±"&'Sheet1 (2)'!F52 -> 127.3±45.6 | E52: ='Sheet1 (2)'!G52&"±"&'Sheet1 (2)'!H52 -> 221.2±87.5 | F52: ='Sheet1 (2)'!I52&"±"&'Sheet1 (2)'!J52 -> 1651.2±496.4 | G52: ='Sheet1 (2)'!K52&"±"&'Sheet1 (2)'!L52 -> 379.8±135.6
A53: Meso->Meso | B53: (µmol N m-2 d-1) | C53: ='Sheet1 (2)'!C53&"±"&'Sheet1 (2)'!D53 -> 1575.7±943.4 | D53: ='Sheet1 (2)'!E53&"±"&'Sheet1 (2)'!F53 -> 153.6±138.1 | E53: ='Sheet1 (2)'!G53&"±"&'Sheet1 (2)'!H53 -> 631.3±566.8 | F53: ='Sheet1 (2)'!I53&"±"&'Sheet1 (2)'!J53 -> 433.5±349.8 | G53: ='Sheet1 (2)'!K53&"±"&'Sheet1 (2)'!L53 -> 127.5±110
A54: Meso->VMMeso | B54: (µmol N m-2 d-1) | C54: NA | D54: ='Sheet1 (2)'!E54&"±"&'Sheet1 (2)'!F54 -> 207.8±156 | E54: ='Sheet1 (2)'!G54&"±"&'Sheet1 (2)'!H54 -> 519.5±397.6 | F54: ='Sheet1 (2)'!I54&"±"&'Sheet1 (2)'!J54 -> 305.4±214.3 | G54: ='Sheet1 (2)'!K54&"±"&'Sheet1 (2)'!L54 -> 250.9±150.2
A55: Meso->Macro | B55: (µmol N m-2 d-1) | C55: ='Sheet1 (2)'!C55&"±"&'Sheet1 (2)'!D55 -> 23.5±18.5 | D55: ='Sheet1 (2)'!E55&"±"&'Sheet1 (2)'!F55 -> 62.3±53.1 | E55: ='Sheet1 (2)'!G55&"±"&'Sheet1 (2)'!H55 -> 21.2±16.7 | F55: ='Sheet1 (2)'!I55&"±"&'Sheet1 (2)'!J55 -> 19.6±16.5 | G55: ='Sheet1 (2)'!K55&"±"&'Sheet1 (2)'!L55 -> 78.3±65
A56: Meso->VMMacro | B56: (µmol N m-2 d-1) | C56: ='Sheet1 (2)'!C56&"±"&'Sheet1 (2)'!D56 -> 96.1±73.2 | D56: ='Sheet1 (2)'!E56&"±"&'Sheet1 (2)'!F56 -> 112.8±94.4 | E56: ='Sheet1 (2)'!G56&"±"&'Sheet1 (2)'!H56 -> 46.2±35.5 | F56: ='Sheet1 (2)'!I56&"±"&'Sheet1 (2)'!J56 -> 36.6±29.6 | G56: ='Sheet1 (2)'!K56&"±"&'Sheet1 (2)'!L56 -> 1±0.8
A57: Meso->gel | B57: (µmol N m-2 d-1) | C57: ='Sheet1 (2)'!C57&"±"&'Sheet1 (2)'!D57 -> 9.6±8.4 | D57: ='Sheet1 (2)'!E57&"±"&'Sheet1 (2)'!F57 -> 41.3±33.5 | E57: ='Sheet1 (2)'!G57&"±"&'Sheet1 (2)'!H57 -> 2.1±1.9 | F57: ='Sheet1 (2)'!I57&"±"&'Sheet1 (2)'!J57 -> 3.6±3.3 | G57: ='Sheet1 (2)'!K57&"±"&'Sheet1 (2)'!L57 -> 26.9±21.8
A58: Meso->Myct | B58: (µmol N m-2 d-1) | C58: ='Sheet1 (2)'!C58&"±"&'Sheet1 (2)'!D58 -> 69.7±27.8 | D58: ='Sheet1 (2)'!E58&"±"&'Sheet1 (2)'!F58 -> 32±14.3 | E58: ='Sheet1 (2)'!G58&"±"&'Sheet1 (2)'!H58 -> 100.8±39.3 | F58: ='Sheet1 (2)'!I58&"±"&'Sheet1 (2)'!J58 -> 46.5±19.8 | G58: ='Sheet1 (2)'!K58&"±"&'Sheet1 (2)'!L58 -> 8.1±3.5
A59: Meso->HTL | B59: (µmol N m-2 d-1) | C59: ='Sheet1 (2)'!C59&"±"&'Sheet1 (2)'!D59 -> 6.3±2.9 | D59: ='Sheet1 (2)'!E59&"±"&'Sheet1 (2)'!F59 -> 3.3±1.5 | E59: ='Sheet1 (2)'!G59&"±"&'Sheet1 (2)'!H59 -> 9±4.3 | F59: ='Sheet1 (2)'!I59&"±"&'Sheet1 (2)'!J59 -> 4.5±2.1 | G59: ='Sheet1 (2)'!K59&"±"&'Sheet1 (2)'!L59 -> 0.8±0.4
A60: Meso->nh4 | B60: (µmol N m-2 d-1) | C60: ='Sheet1 (2)'!C60&"±"&'Sheet1 (2)'!D60 -> 1572.6±566.4 | D60: ='Sheet1 (2)'!E60&"±"&'Sheet1 (2)'!F60 -> 465±106.3 | E60: ='Sheet1 (2)'!G60&"±"&'Sheet1 (2)'!H60 -> 1282.9±217.7 | F60: ='Sheet1 (2)'!I60&"±"&'Sheet1 (2)'!J60 -> 737.8±193.8 | G60: ='Sheet1 (2)'!K60&"±"&'Sheet1 (2)'!L60 -> 363±59.4
A61: Meso->dom | B61: (µmol N m-2 d-1) | C61: ='Sheet1 (2)'!C61&"±"&'Sheet1 (2)'!D61 -> 869.4±368 | D61: ='Sheet1 (2)'!E61&"±"&'Sheet1 (2)'!F61 -> 259.1±71.5 | E61: ='Sheet1 (2)'!G61&"±"&'Sheet1 (2)'!H61 -> 657.8±195.7 | F61: ='Sheet1 (2)'!I61&"±"&'Sheet1 (2)'!J61 -> 410.5±132.1 | G61: ='Sheet1 (2)'!K61&"±"&'Sheet1 (2)'!L61 -> 222.4±62.7
A62: Meso->mdet | B62: (µmol N m-2 d-1) | C62: ='Sheet1 (2)'!C62&"±"&'Sheet1 (2)'!D62 -> 1346.1±673.5 | D62: ='Sheet1 (2)'!E62&"±"&'Sheet1 (2)'!F62 -> 647.1±230.2 | E62: ='Sheet1 (2)'!G62&"±"&'Sheet1 (2)'!H62 -> 1480.1±707.4 | F62: ='Sheet1 (2)'!I62&"±"&'Sheet1 (2)'!J62 -> 967.3±406.8 | G62: ='Sheet1 (2)'!K62&"±"&'Sheet1 (2)'!L62 -> 481.6±168.2
A63: VMMeso->Meso | B63: (µmol N m-2 d-1) | C63: NA | D63: ='Sheet1 (2)'!E63&"±"&'Sheet1 (2)'!F63 -> 182±154.5 | E63: ='Sheet1 (2)'!G63&"±"&'Sheet1 (2)'!H63 -> 481.7±334 | F63: ='Sheet1 (2)'!I63&"±"&'Sheet1 (2)'!J63 -> 300.2±223 | G63: ='Sheet1 (2)'!K63&"±"&'Sheet1 (2)'!L63 -> 186±144.3
A64: VMMeso->VMMeso | B64: (µmol N m-2 d-1) | C64: NA | D64: ='Sheet1 (2)'!E64&"±"&'Sheet1 (2)'!F64 -> 384.9±283 | E64: ='Sheet1 (2)'!G64&"±"&'Sheet1 (2)'!H64 -> 782.2±566 | F64: ='Sheet1 (2)'!I64&"±"&'Sheet1 (2)'!J64 -> 436.4±321.1 | G64: ='Sheet1 (2)'!K64&"±"&'Sheet1 (2)'!L64 -> 367.3±236.1
A65: VMMeso->Macro | B65: (µmol N m-2 d-1) | C65: NA | D65: ='Sheet1 (2)'!E65&"±"&'Sheet1 (2)'!F65 -> 67.9±57.1 | E65: ='Sheet1 (2)'!G65&"±"&'Sheet1 (2)'!H65 -> 20.9±16.5 | F65: ='Sheet1 (2)'!I65&"±"&'Sheet1 (2)'!J65 -> 19.7±16.6 | G65: ='Sheet1 (2)'!K65&"±"&'Sheet1 (2)'!L65 -> 99.2±78.8
A66: VMMeso->VMMacro | B66: (µmol N m-2 d-1) | C66: NA | D66: ='Sheet1 (2)'!E66&"±"&'Sheet1 (2)'!F66 -> 134.3±113.9 | E66: ='Sheet1 (2)'!G66&"±"&'Sheet1 (2)'!H66 -> 44.8±35.3 | F66: ='Sheet1 (2)'!I66&"±"&'Sheet1 (2)'!J66 -> 35.7±29.5 | G66: ='Sheet1 (2)'!K66&"±"&'Sheet1 (2)'!L66 -> 1±0.8
A67: VMMeso->gel | B67: (µmol N m-2 d-1) | C67: NA | D67: ='Sheet1 (2)'!E67&"±"&'Sheet1 (2)'!F67 -> 43.3±34.7 | E67: ='Sheet1 (2)'!G67&"±"&'Sheet1 (2)'!H67 -> 2.1±1.9 | F67: ='Sheet1 (2)'!I67&"±"&'Sheet1 (2)'!J67 -> 3.6±3.3 | G67: ='Sheet1 (2)'!K67&"±"&'Sheet1 (2)'!L67 -> 29.3±23
A68: VMMeso->Myct | B68: (µmol N m-2 d-1) | C68: NA | D68: ='Sheet1 (2)'!E68&"±"&'Sheet1 (2)'!F68 -> 110.6±43.8 | E68: ='Sheet1 (2)'!G68&"±"&'Sheet1 (2)'!H68 -> 125±44.6 | F68: ='Sheet1 (2)'!I68&"±"&'Sheet1 (2)'!J68 -> 32.6±14.2 | G68: ='Sheet1 (2)'!K68&"±"&'Sheet1 (2)'!L68 -> 99.5±26.5
A69: VMMeso->HTL | B69: (µmol N m-2 d-1) | C69: NA | D69: ='Sheet1 (2)'!E69&"±"&'Sheet1 (2)'!F69 -> 10.5±4.9 | E69: ='Sheet1 (2)'!G69&"±"&'Sheet1 (2)'!H69 -> 10.5±5 | F69: ='Sheet1 (2)'!I69&"±"&'Sheet1 (2)'!J69 -> 3.2±1.5 | G69: ='Sheet1 (2)'!K69&"±"&'Sheet1 (2)'!L69 -> 7±3.3
A70: VMMeso->nh4 | B70: (µmol N m-2 d-1) | C70: NA | D70: ='Sheet1 (2)'!E70&"±"&'Sheet1 (2)'!F70 -> 499.6±266.5 | E70: ='Sheet1 (2)'!G70&"±"&'Sheet1 (2)'!H70 -> 1072.4±446.1 | F70: ='Sheet1 (2)'!I70&"±"&'Sheet1 (2)'!J70 -> 432.5±254.2 | G70: ='Sheet1 (2)'!K70&"±"&'Sheet1 (2)'!L70 -> 358.6±206.1
A71: VMMeso->dom | B71: (µmol N m-2 d-1) | C71: NA | D71: ='Sheet1 (2)'!E71&"±"&'Sheet1 (2)'!F71 -> 203.9±126.1 | E71: ='Sheet1 (2)'!G71&"±"&'Sheet1 (2)'!H71 -> 523.6±272.7 | F71: ='Sheet1 (2)'!I71&"±"&'Sheet1 (2)'!J71 -> 230.7±146.9 | G71: ='Sheet1 (2)'!K71&"±"&'Sheet1 (2)'!L71 -> 186.8±121.7
A72: VMMeso->mdet | B72: (µmol N m-2 d-1) | C72: NA | D72: ='Sheet1 (2)'!E72&"±"&'Sheet1 (2)'!F72 -> 905.2±429.1 | E72: ='Sheet1 (2)'!G72&"±"&'Sheet1 (2)'!H72 -> 2193.1±956.5 | F72: ='Sheet1 (2)'!I72&"±"&'Sheet1 (2)'!J72 -> 946.7±418.7 | G72: ='Sheet1 (2)'!K72&"±"&'Sheet1 (2)'!L72 -> 793.5±338.6
A73: VMMeso->dnh4 | B73: (µmol N m-2 d-1) | C73: NA | D73: ='Sheet1 (2)'!E73&"±"&'Sheet1 (2)'!F73 -> 420.2±265.3 | E73: ='Sheet1 (2)'!G73&"±"&'Sheet1 (2)'!H73 -> 401.5±387.1 | F73: ='Sheet1 (2)'!I73&"±"&'Sheet1 (2)'!J73 -> 297.3±225.3 | G73: ='Sheet1 (2)'!K73&"±"&'Sheet1 (2)'!L73 -> 336.2±202.6
A74: VMMeso->ddom | B74: (µmol N m-2 d-1) | C74: NA | D74: ='Sheet1 (2)'!E74&"±"&'Sheet1 (2)'!F74 -> 182.3±122.7 | E74: ='Sheet1 (2)'!G74&"±"&'Sheet1 (2)'!H74 -> 273.9±237.3 | F74: ='Sheet1 (2)'!I74&"±"&'Sheet1 (2)'!J74 -> 187.2±140.5 | G74: ='Sheet1 (2)'!K74&"±"&'Sheet1 (2)'!L74 -> 176.5±116.3
A75: Macro->gel | B75: (µmol N m-2 d-1) | C75: ='Sheet1 (2)'!C75&"±"&'Sheet1 (2)'!D75 -> 22.9±7.7 | D75: ='Sheet1 (2)'!E75&"±"&'Sheet1 (2)'!F75 -> 80±29.6 | E75: ='Sheet1 (2)'!G75&"±"&'Sheet1 (2)'!H75 -> 11.3±3.1 | F75: ='Sheet1 (2)'!I75&"±"&'Sheet1 (2)'!J75 -> 17.2±5.1 | G75: ='Sheet1 (2)'!K75&"±"&'Sheet1 (2)'!L75 -> 78.6±25
A76: Macro->Myct | B76: (µmol N m-2 d-1) | C76: ='Sheet1 (2)'!C76&"±"&'Sheet1 (2)'!D76 -> 1.4±0.6 | D76: ='Sheet1 (2)'!E76&"±"&'Sheet1 (2)'!F76 -> 4.7±2.1 | E76: ='Sheet1 (2)'!G76&"±"&'Sheet1 (2)'!H76 -> 3.4±1.3 | F76: ='Sheet1 (2)'!I76&"±"&'Sheet1 (2)'!J76 -> 1.4±0.6 | G76: ='Sheet1 (2)'!K76&"±"&'Sheet1 (2)'!L76 -> 7.5±3.2
A77: Macro->HTL | B77: (µmol N m-2 d-1) | C77: ='Sheet1 (2)'!C77&"±"&'Sheet1 (2)'!D77 -> 0.5±0.2 | D77: ='Sheet1 (2)'!E77&"±"&'Sheet1 (2)'!F77 -> 1.5±0.7 | E77: ='Sheet1 (2)'!G77&"±"&'Sheet1 (2)'!H77 -> 0.9±0.4 | F77: ='Sheet1 (2)'!I77&"±"&'Sheet1 (2)'!J77 -> 0.4±0.2 | G77: ='Sheet1 (2)'!K77&"±"&'Sheet1 (2)'!L77 -> 2.3±1
A78: Macro->nh4 | B78: (µmol N m-2 d-1) | C78: ='Sheet1 (2)'!C78&"±"&'Sheet1 (2)'!D78 -> 28.9±4.5 | D78: ='Sheet1 (2)'!E78&"±"&'Sheet1 (2)'!F78 -> 88.1±16.5 | E78: ='Sheet1 (2)'!G78&"±"&'Sheet1 (2)'!H78 -> 33.5±11.8 | F78: ='Sheet1 (2)'!I78&"±"&'Sheet1 (2)'!J78 -> 29.6±6 | G78: ='Sheet1 (2)'!K78&"±"&'Sheet1 (2)'!L78 -> 124.3±31.5
A79: Macro->dom | B79: (µmol N m-2 d-1) | C79: ='Sheet1 (2)'!C79&"±"&'Sheet1 (2)'!D79 -> 19.7±6.1 | D79: ='Sheet1 (2)'!E79&"±"&'Sheet1 (2)'!F79 -> 56.5±18.7 | E79: ='Sheet1 (2)'!G79&"±"&'Sheet1 (2)'!H79 -> 17.1±6.9 | F79: ='Sheet1 (2)'!I79&"±"&'Sheet1 (2)'!J79 -> 19.1±6.8 | G79: ='Sheet1 (2)'!K79&"±"&'Sheet1 (2)'!L79 -> 74.8±29
A80: Macro->ldet | B80: (µmol N m-2 d-1) | C80: ='Sheet1 (2)'!C80&"±"&'Sheet1 (2)'!D80 -> 40.8±17 | D80: ='Sheet1 (2)'!E80&"±"&'Sheet1 (2)'!F80 -> 117.3±51.3 | E80: ='Sheet1 (2)'!G80&"±"&'Sheet1 (2)'!H80 -> 25.4±12 | F80: ='Sheet1 (2)'!I80&"±"&'Sheet1 (2)'!J80 -> 37.4±17.6 | G80: ='Sheet1 (2)'!K80&"±"&'Sheet1 (2)'!L80 -> 136.2±65.3
A81: VMMacro->PiscivFish | B81: (µmol N m-2 d-1) | C81: ='Sheet1 (2)'!C81&"±"&'Sheet1 (2)'!D81 -> 2.4±1 | D81: ='Sheet1 (2)'!E81&"±"&'Sheet1 (2)'!F81 -> 1.8±0.8 | E81: ='Sheet1 (2)'!G81&"±"&'Sheet1 (2)'!H81 -> 1.4±0.6 | F81: ='Sheet1 (2)'!I81&"±"&'Sheet1 (2)'!J81 -> 0.7±0.3 | G81: ='Sheet1 (2)'!K81&"±"&'Sheet1 (2)'!L81 -> 0.02±0.01
A82: VMMacro->gel | B82: (µmol N m-2 d-1) | C82: ='Sheet1 (2)'!C82&"±"&'Sheet1 (2)'!D82 -> 31±11.6 | D82: ='Sheet1 (2)'!E82&"±"&'Sheet1 (2)'!F82 -> 112±40.4 | E82: ='Sheet1 (2)'!G82&"±"&'Sheet1 (2)'!H82 -> 3.6±2.7 | F82: ='Sheet1 (2)'!I82&"±"&'Sheet1 (2)'!J82 -> 17.5±6.1 | G82: ='Sheet1 (2)'!K82&"±"&'Sheet1 (2)'!L82 -> 1.1±0.4
A83: VMMacro->Myct | B83: (µmol N m-2 d-1) | C83: ='Sheet1 (2)'!C83&"±"&'Sheet1 (2)'!D83 -> 33.8±10.1 | D83: ='Sheet1 (2)'!E83&"±"&'Sheet1 (2)'!F83 -> 19.4±8.3 | E83: ='Sheet1 (2)'!G83&"±"&'Sheet1 (2)'!H83 -> 23.2±5.1 | F83: ='Sheet1 (2)'!I83&"±"&'Sheet1 (2)'!J83 -> 10.2±3.3 | G83: ='Sheet1 (2)'!K83&"±"&'Sheet1 (2)'!L83 -> 0.2±0.1
A84: VMMacro->HTL | B84: (µmol N m-2 d-1) | C84: ='Sheet1 (2)'!C84&"±"&'Sheet1 (2)'!D84 -> 8.2±3.4 | D84: ='Sheet1 (2)'!E84&"±"&'Sheet1 (2)'!F84 -> 5.8±2.7 | E84: ='Sheet1 (2)'!G84&"±"&'Sheet1 (2)'!H84 -> 5.1±2 | F84: ='Sheet1 (2)'!I84&"±"&'Sheet1 (2)'!J84 -> 2.6±1.1 | G84: ='Sheet1 (2)'!K84&"±"&'Sheet1 (2)'!L84 -> 0.1±0.03
A85: VMMacro->nh4 | B85: (µmol N m-2 d-1) | C85: ='Sheet1 (2)'!C85&"±"&'Sheet1 (2)'!D85 -> 84.2±57.1 | D85: ='Sheet1 (2)'!E85&"±"&'Sheet1 (2)'!F85 -> 93.6±63.6 | E85: ='Sheet1 (2)'!G85&"±"&'Sheet1 (2)'!H85 -> 44.6±26.6 | F85: ='Sheet1 (2)'!I85&"±"&'Sheet1 (2)'!J85 -> 36.6±24.6 | G85: ='Sheet1 (2)'!K85&"±3.1E-14" -> 1.2±3.1E-14
A86: VMMacro->dom | B86: (µmol N m-2 d-1) | C86: ='Sheet1 (2)'!C86&"±"&'Sheet1 (2)'!D86 -> 44.7±32.4 | D86: ='Sheet1 (2)'!E86&"±"&'Sheet1 (2)'!F86 -> 56.5±41.4 | E86: ='Sheet1 (2)'!G86&"±"&'Sheet1 (2)'!H86 -> 20.8±14.9 | F86: ='Sheet1 (2)'!I86&"±"&'Sheet1 (2)'!J86 -> 19.1±13.9 | G86: ='Sheet1 (2)'!K86&"±3.9E-15" -> 0.6±3.9E-15
A87: VMMacro->ldet | B87: (µmol N m-2 d-1) | C87: ='Sheet1 (2)'!C87&"±"&'Sheet1 (2)'!D87 -> 109.5±52.5 | D87: ='Sheet1 (2)'!E87&"±"&'Sheet1 (2)'!F87 -> 206±109.1 | E87: ='Sheet1 (2)'!G87&"±"&'Sheet1 (2)'!H87 -> 45.1±21.2 | F87: ='Sheet1 (2)'!I87&"±"&'Sheet1 (2)'!J87 -> 46.3±22.7 | G87: ='Sheet1 (2)'!K87&"±"&'Sheet1 (2)'!L87 -> 2±0.5
A88: VMMacro->dnh4 | B88: (µmol N m-2 d-1) | C88: ='Sheet1 (2)'!C88&"±"&'Sheet1 (2)'!D88 -> 83.5±56.8 | D88: ='Sheet1 (2)'!E88&"±"&'Sheet1 (2)'!F88 -> 96.3±66.4 | E88: ='Sheet1 (2)'!G88&"±"&'Sheet1 (2)'!H88 -> 37.2±23.8 | F88: ='Sheet1 (2)'!I88&"±"&'Sheet1 (2)'!J88 -> 33.3±23.8 | G88: ='Sheet1 (2)'!K88&"±2.4E-16" -> 0.04±2.4E-16
A89: VMMacro->ddom | B89: (µmol N m-2 d-1) | C89: ='Sheet1 (2)'!C89&"±"&'Sheet1 (2)'!D89 -> 44.9±32.4 | D89: ='Sheet1 (2)'!E89&"±"&'Sheet1 (2)'!F89 -> 52.9±39.4 | E89: ='Sheet1 (2)'!G89&"±"&'Sheet1 (2)'!H89 -> 20±14.5 | F89: ='Sheet1 (2)'!I89&"±"&'Sheet1 (2)'!J89 -> 18.5±13.7 | G89: ='Sheet1 (2)'!K89&"±2.9E-16" -> 0.03±2.9E-16
A90: gel->Amph | B90: (µmol N m-2 d-1) | C90: ='Sheet1 (2)'!C90&"±"&'Sheet1 (2)'!D90 -> 14.4±4 | D90: ='Sheet1 (2)'!E90&"±"&'Sheet1 (2)'!F90 -> 0.6±0.3 | E90: ='Sheet1 (2)'!G90&"±"&'Sheet1 (2)'!H90 -> 0.03±0.01 | F90: ='Sheet1 (2)'!I90&"±"&'Sheet1 (2)'!J90 -> 4.5±0.4 | G90: ='Sheet1 (2)'!K90&"±"&'Sheet1 (2)'!L90 -> 23.8±3.9
A91: gel->Myct | B91: (µmol N m-2 d-1) | C91: ='Sheet1 (2)'!C91&"±"&'Sheet1 (2)'!D91 -> 0.2±0.1 | D91: ='Sheet1 (2)'!E91&"±"&'Sheet1 (2)'!F91 -> 24.2±2.8 | E91: ='Sheet1 (2)'!G91&"±"&'Sheet1 (2)'!H91 -> 1.7±0.1 | F91: ='Sheet1 (2)'!I91&"±"&'Sheet1 (2)'!J91 -> 1.1±0.3 | G91: ='Sheet1 (2)'!K91&"±"&'Sheet1 (2)'!L91 -> 0.4±0.2
A92: gel->GelativFish | B92: (µmol N m-2 d-1) | C92: ='Sheet1 (2)'!C92&"±"&'Sheet1 (2)'!D92 -> 0.1±0.05 | D92: ='Sheet1 (2)'!E92&"±"&'Sheet1 (2)'!F92 -> 9.5±2.1 | E92: ='Sheet1 (2)'!G92&"±"&'Sheet1 (2)'!H92 -> 0.6±0.1 | F92: ='Sheet1 (2)'!I92&"±"&'Sheet1 (2)'!J92 -> 0.5±0.2 | G92: ='Sheet1 (2)'!K92&"±"&'Sheet1 (2)'!L92 -> 0.3±0.1
A93: gel->HTL | B93: (µmol N m-2 d-1) | C93: ='Sheet1 (2)'!C93&"±"&'Sheet1 (2)'!D93 -> 0.1±0.04 | D93: ='Sheet1 (2)'!E93&"±"&'Sheet1 (2)'!F93 -> 8±1.9 | E93: ='Sheet1 (2)'!G93&"±"&'Sheet1 (2)'!H93 -> 0.5±0.05 | F93: ='Sheet1 (2)'!I93&"±"&'Sheet1 (2)'!J93 -> 0.4±0.1 | G93: ='Sheet1 (2)'!K93&"±"&'Sheet1 (2)'!L93 -> 0.2±0.1
A94: gel->nh4 | B94: (µmol N m-2 d-1) | C94: ='Sheet1 (2)'!C94&"±"&'Sheet1 (2)'!D94 -> 21.6±6 | D94: ='Sheet1 (2)'!E94&"±"&'Sheet1 (2)'!F94 -> 169.6±4.3 | E94: ='Sheet1 (2)'!G94&"±"&'Sheet1 (2)'!H94 -> 12.3±0.03 | F94: ='Sheet1 (2)'!I94&"±"&'Sheet1 (2)'!J94 -> 25.4±0.8 | G94: ='Sheet1 (2)'!K94&"±"&'Sheet1 (2)'!L94 -> 48.8±15.4
A95: gel->dom | B95: (µmol N m-2 d-1) | C95: ='Sheet1 (2)'!C95&"±"&'Sheet1 (2)'!D95 -> 11.3±3.7 | D95: ='Sheet1 (2)'!E95&"±"&'Sheet1 (2)'!F95 -> 32.1±5 | E95: ='Sheet1 (2)'!G95&"±"&'Sheet1 (2)'!H95 -> 1.9±0.04 | F95: ='Sheet1 (2)'!I95&"±"&'Sheet1 (2)'!J95 -> 5.1±0.9 | G95: ='Sheet1 (2)'!K95&"±"&'Sheet1 (2)'!L95 -> 25.2±9.2
A96: gel->ldet | B96: (µmol N m-2 d-1) | C96: ='Sheet1 (2)'!C96&"±"&'Sheet1 (2)'!D96 -> 15.8±6.5 | D96: ='Sheet1 (2)'!E96&"±"&'Sheet1 (2)'!F96 -> 32.5±5.4 | E96: ='Sheet1 (2)'!G96&"±"&'Sheet1 (2)'!H96 -> 1.9±0.04 | F96: ='Sheet1 (2)'!I96&"±"&'Sheet1 (2)'!J96 -> 5.1±1 | G96: ='Sheet1 (2)'!K96&"±"&'Sheet1 (2)'!L96 -> 37.2±16.1
A97: Myct->PiscivFish | B97: (µmol N m-2 d-1) | C97: ='Sheet1 (2)'!C97&"±"&'Sheet1 (2)'!D97 -> 16±4.7 | D97: ='Sheet1 (2)'!E97&"±"&'Sheet1 (2)'!F97 -> 16±4.7 | E97: ='Sheet1 (2)'!G97&"±"&'Sheet1 (2)'!H97 -> 13.4±3.9 | F97: ='Sheet1 (2)'!I97&"±"&'Sheet1 (2)'!J97 -> 12.5±3.5 | G97: ='Sheet1 (2)'!K97&"±"&'Sheet1 (2)'!L97 -> 5.6±1.6
A98: Myct->nh4 | B98: (µmol N m-2 d-1) | C98: ='Sheet1 (2)'!C98&"±"&'Sheet1 (2)'!D98 -> 66.3±44.7 | D98: ='Sheet1 (2)'!E98&"±"&'Sheet1 (2)'!F98 -> 57.7±39.6 | E98: ='Sheet1 (2)'!G98&"±"&'Sheet1 (2)'!H98 -> 61.8±40.5 | F98: ='Sheet1 (2)'!I98&"±"&'Sheet1 (2)'!J98 -> 54.5±34.3 | G98: ='Sheet1 (2)'!K98&"±"&'Sheet1 (2)'!L98 -> 25.9±18
A99: Myct->dom | B99: (µmol N m-2 d-1) | C99: ='Sheet1 (2)'!C99&"±"&'Sheet1 (2)'!D99 -> 34.6±25 | D99: ='Sheet1 (2)'!E99&"±"&'Sheet1 (2)'!F99 -> 28±21.4 | E99: ='Sheet1 (2)'!G99&"±"&'Sheet1 (2)'!H99 -> 29.7±22.3 | F99: ='Sheet1 (2)'!I99&"±"&'Sheet1 (2)'!J99 -> 25.7±18.5 | G99: ='Sheet1 (2)'!K99&"±"&'Sheet1 (2)'!L99 -> 11.1±9.1
A100: Myct->dnh4 | B100: (µmol N m-2 d-1) | C100: ='Sheet1 (2)'!C100&"±"&'Sheet1 (2)'!D100 -> 62.2±43.4 | D100: ='Sheet1 (2)'!E100&"±"&'Sheet1 (2)'!F100 -> 57.2±39.2 | E100: ='Sheet1 (2)'!G100&"±"&'Sheet1 (2)'!H100 -> 48.2±29.8 | F100: ='Sheet1 (2)'!I100&"±"&'Sheet1 (2)'!J100 -> 41±30.6 | G100: ='Sheet1 (2)'!K100&"±"&'Sheet1 (2)'!L100 -> 24.1±17.4
A101: Myct->ddom | B101: (µmol N m-2 d-1) | C101: ='Sheet1 (2)'!C101&"±"&'Sheet1 (2)'!D101 -> 33.5±24.5 | D101: ='Sheet1 (2)'!E101&"±"&'Sheet1 (2)'!F101 -> 27.6±21 | E101: ='Sheet1 (2)'!G101&"±"&'Sheet1 (2)'!H101 -> 22.9±19.5 | F101: ='Sheet1 (2)'!I101&"±"&'Sheet1 (2)'!J101 -> 22.6±17.2 | G101: ='Sheet1 (2)'!K101&"±"&'Sheet1 (2)'!L101 -> 11.3±9.3
... A105: Salp->Myct | B105: (µmol N m-2 d-1) | C105: ='Sheet1 (2)'!C105&"±"&'Sheet1 (2)'!D105 -> 210.2±58.4 | D105: ='Sheet1 (2)'!E105&"±"&'Sheet1 (2)'!F105 -> 89.9±31.5 | E105: ='Sheet1 (2)'!G105&"±"&'Sheet1 (2)'!H105 -> 0.6±0.3 | F105: ='Sheet1 (2)'!I105&"±"&'Sheet1 (2)'!J105 -> 138.1±38.8 | G105: ='Sheet1 (2)'!K105&"±"&'Sheet1 (2)'!L105 -> 0.4±0.2
A106: Salp->nh4 | B106: (µmol N m-2 d-1) | C106: ='Sheet1 (2)'!C106&"±"&'Sheet1 (2)'!D106 -> 858±497.8 | D106: ='Sheet1 (2)'!E106&"±"&'Sheet1 (2)'!F106 -> 224.8±140.2 | E106: ='Sheet1 (2)'!G106&"±"&'Sheet1 (2)'!H106 -> 13.7±6.7 | F106: ='Sheet1 (2)'!I106&"±"&'Sheet1 (2)'!J106 -> 406.3±187.3 | G106: ='Sheet1 (2)'!K106&"±2.4E-14" -> 2.5±2.4E-14
A107: Salp->dom | B107: (µmol N m-2 d-1) | C107: ='Sheet1 (2)'!C107&"±"&'Sheet1 (2)'!D107 -> 420.8±283.8 | D107: ='Sheet1 (2)'!E107&"±"&'Sheet1 (2)'!F107 -> 124.5±84.7 | E107: ='Sheet1 (2)'!G107&"±"&'Sheet1 (2)'!H107 -> 8.5±5.2 | F107: ='Sheet1 (2)'!I107&"±"&'Sheet1 (2)'!J107 -> 213.6±118.9 | G107: ='Sheet1 (2)'!K107&"±1.7E-14" -> 1.4±1.7E-14
A108: Salp->SalpDet | B108: (µmol N m-2 d-1) | C108: ='Sheet1 (2)'!C108&"±"&'Sheet1 (2)'!D108 -> 956.2±307.5 | D108: ='Sheet1 (2)'!E108&"±"&'Sheet1 (2)'!F108 -> 734.4±175.6 | E108: ='Sheet1 (2)'!G108&"±"&'Sheet1 (2)'!H108 -> 16.1±4.4 | F108: ='Sheet1 (2)'!I108&"±"&'Sheet1 (2)'!J108 -> 927.2±179.8 | G108: ='Sheet1 (2)'!K108&"±"&'Sheet1 (2)'!L108 -> 3.9±1.1
A109: Salp->SalpMort | B109: (µmol N m-2 d-1) | C109: ='Sheet1 (2)'!C109&"±"&'Sheet1 (2)'!D109 -> 584.7±274.3 | D109: ='Sheet1 (2)'!E109&"±"&'Sheet1 (2)'!F109 -> 209.1±90.6 | E109: ='Sheet1 (2)'!G109&"±"&'Sheet1 (2)'!H109 -> 16.1±6.5 | F109: ='Sheet1 (2)'!I109&"±"&'Sheet1 (2)'!J109 -> 220.8±102.1 | G109: ='Sheet1 (2)'!K109&"±"&'Sheet1 (2)'!L109 -> 1.5±0.9
A110: Salp->HTL | B110: (µmol N m-2 d-1) | C110: ='Sheet1 (2)'!C110&"±"&'Sheet1 (2)'!D110 -> 67.9±31 | D110: ='Sheet1 (2)'!E110&"±"&'Sheet1 (2)'!F110 -> 34.3±15.7 | E110: ='Sheet1 (2)'!G110&"±"&'Sheet1 (2)'!H110 -> 0.3±0.1 | F110: ='Sheet1 (2)'!I110&"±"&'Sheet1 (2)'!J110 -> 44.6±20.7 | G110: ='Sheet1 (2)'!K110&"±"&'Sheet1 (2)'!L110 -> 0.2±0.1
...
